Time,CORE_BOTTOM ZN:EL PASO INTERNATIONAL AP  UT ANN HTG 99.6% CONDNS DB:Des Heat Load [W],CORE_BOTTOM ZN:EL PASO INTERNATIONAL AP  UT ANN CLG .4% CONDNS DB=>MWB:Des Sens Cool Load [W],CORE_BOTTOM ZN:EL PASO INTERNATIONAL AP  UT ANN HTG 99.6% CONDNS DB:Des Heat Mass Flow [kg/s],CORE_BOTTOM ZN:EL PASO INTERNATIONAL AP  UT ANN CLG .4% CONDNS DB=>MWB:Des Cool Mass Flow [kg/s],CORE_MID ZN:EL PASO INTERNATIONAL AP  UT ANN HTG 99.6% CONDNS DB:Des Heat Load [W],CORE_MID ZN:EL PASO INTERNATIONAL AP  UT ANN CLG .4% CONDNS DB=>MWB:Des Sens Cool Load [W],CORE_MID ZN:EL PASO INTERNATIONAL AP  UT ANN HTG 99.6% CONDNS DB:Des Heat Mass Flow [kg/s],CORE_MID ZN:EL PASO INTERNATIONAL AP  UT ANN CLG .4% CONDNS DB=>MWB:Des Cool Mass Flow [kg/s],CORE_TOP ZN:EL PASO INTERNATIONAL AP  UT ANN HTG 99.6% CONDNS DB:Des Heat Load [W],CORE_TOP ZN:EL PASO INTERNATIONAL AP  UT ANN CLG .4% CONDNS DB=>MWB:Des Sens Cool Load [W],CORE_TOP ZN:EL PASO INTERNATIONAL AP  UT ANN HTG 99.6% CONDNS DB:Des Heat Mass Flow [kg/s],CORE_TOP ZN:EL PASO INTERNATIONAL AP  UT ANN CLG .4% CONDNS DB=>MWB:Des Cool Mass Flow [kg/s],PERIMETER_BOT_ZN_1 ZN:EL PASO INTERNATIONAL AP  UT ANN HTG 99.6% CONDNS DB:Des Heat Load [W],PERIMETER_BOT_ZN_1 ZN:EL PASO INTERNATIONAL AP  UT ANN CLG .4% CONDNS DB=>MWB:Des Sens Cool Load [W],PERIMETER_BOT_ZN_1 ZN:EL PASO INTERNATIONAL AP  UT ANN HTG 99.6% CONDNS DB:Des Heat Mass Flow [kg/s],PERIMETER_BOT_ZN_1 ZN:EL PASO INTERNATIONAL AP  UT ANN CLG .4% CONDNS DB=>MWB:Des Cool Mass Flow [kg/s],PERIMETER_BOT_ZN_2 ZN:EL PASO INTERNATIONAL AP  UT ANN HTG 99.6% CONDNS DB:Des Heat Load [W],PERIMETER_BOT_ZN_2 ZN:EL PASO INTERNATIONAL AP  UT ANN CLG .4% CONDNS DB=>MWB:Des Sens Cool Load [W],PERIMETER_BOT_ZN_2 ZN:EL PASO INTERNATIONAL AP  UT ANN HTG 99.6% CONDNS DB:Des Heat Mass Flow [kg/s],PERIMETER_BOT_ZN_2 ZN:EL PASO INTERNATIONAL AP  UT ANN CLG .4% CONDNS DB=>MWB:Des Cool Mass Flow [kg/s],PERIMETER_BOT_ZN_3 ZN:EL PASO INTERNATIONAL AP  UT ANN HTG 99.6% CONDNS DB:Des Heat Load [W],PERIMETER_BOT_ZN_3 ZN:EL PASO INTERNATIONAL AP  UT ANN CLG .4% CONDNS DB=>MWB:Des Sens Cool Load [W],PERIMETER_BOT_ZN_3 ZN:EL PASO INTERNATIONAL AP  UT ANN HTG 99.6% CONDNS DB:Des Heat Mass Flow [kg/s],PERIMETER_BOT_ZN_3 ZN:EL PASO INTERNATIONAL AP  UT ANN CLG .4% CONDNS DB=>MWB:Des Cool Mass Flow [kg/s],PERIMETER_BOT_ZN_4 ZN:EL PASO INTERNATIONAL AP  UT ANN HTG 99.6% CONDNS DB:Des Heat Load [W],PERIMETER_BOT_ZN_4 ZN:EL PASO INTERNATIONAL AP  UT ANN CLG .4% CONDNS DB=>MWB:Des Sens Cool Load [W],PERIMETER_BOT_ZN_4 ZN:EL PASO INTERNATIONAL AP  UT ANN HTG 99.6% CONDNS DB:Des Heat Mass Flow [kg/s],PERIMETER_BOT_ZN_4 ZN:EL PASO INTERNATIONAL AP  UT ANN CLG .4% CONDNS DB=>MWB:Des Cool Mass Flow [kg/s],PERIMETER_MID_ZN_1 ZN:EL PASO INTERNATIONAL AP  UT ANN HTG 99.6% CONDNS DB:Des Heat Load [W],PERIMETER_MID_ZN_1 ZN:EL PASO INTERNATIONAL AP  UT ANN CLG .4% CONDNS DB=>MWB:Des Sens Cool Load [W],PERIMETER_MID_ZN_1 ZN:EL PASO INTERNATIONAL AP  UT ANN HTG 99.6% CONDNS DB:Des Heat Mass Flow [kg/s],PERIMETER_MID_ZN_1 ZN:EL PASO INTERNATIONAL AP  UT ANN CLG .4% CONDNS DB=>MWB:Des Cool Mass Flow [kg/s],PERIMETER_MID_ZN_2 ZN:EL PASO INTERNATIONAL AP  UT ANN HTG 99.6% CONDNS DB:Des Heat Load [W],PERIMETER_MID_ZN_2 ZN:EL PASO INTERNATIONAL AP  UT ANN CLG .4% CONDNS DB=>MWB:Des Sens Cool Load [W],PERIMETER_MID_ZN_2 ZN:EL PASO INTERNATIONAL AP  UT ANN HTG 99.6% CONDNS DB:Des Heat Mass Flow [kg/s],PERIMETER_MID_ZN_2 ZN:EL PASO INTERNATIONAL AP  UT ANN CLG .4% CONDNS DB=>MWB:Des Cool Mass Flow [kg/s],PERIMETER_MID_ZN_3 ZN:EL PASO INTERNATIONAL AP  UT ANN HTG 99.6% CONDNS DB:Des Heat Load [W],PERIMETER_MID_ZN_3 ZN:EL PASO INTERNATIONAL AP  UT ANN CLG .4% CONDNS DB=>MWB:Des Sens Cool Load [W],PERIMETER_MID_ZN_3 ZN:EL PASO INTERNATIONAL AP  UT ANN HTG 99.6% CONDNS DB:Des Heat Mass Flow [kg/s],PERIMETER_MID_ZN_3 ZN:EL PASO INTERNATIONAL AP  UT ANN CLG .4% CONDNS DB=>MWB:Des Cool Mass Flow [kg/s],PERIMETER_MID_ZN_4 ZN:EL PASO INTERNATIONAL AP  UT ANN HTG 99.6% CONDNS DB:Des Heat Load [W],PERIMETER_MID_ZN_4 ZN:EL PASO INTERNATIONAL AP  UT ANN CLG .4% CONDNS DB=>MWB:Des Sens Cool Load [W],PERIMETER_MID_ZN_4 ZN:EL PASO INTERNATIONAL AP  UT ANN HTG 99.6% CONDNS DB:Des Heat Mass Flow [kg/s],PERIMETER_MID_ZN_4 ZN:EL PASO INTERNATIONAL AP  UT ANN CLG .4% CONDNS DB=>MWB:Des Cool Mass Flow [kg/s],PERIMETER_TOP_ZN_1 ZN:EL PASO INTERNATIONAL AP  UT ANN HTG 99.6% CONDNS DB:Des Heat Load [W],PERIMETER_TOP_ZN_1 ZN:EL PASO INTERNATIONAL AP  UT ANN CLG .4% CONDNS DB=>MWB:Des Sens Cool Load [W],PERIMETER_TOP_ZN_1 ZN:EL PASO INTERNATIONAL AP  UT ANN HTG 99.6% CONDNS DB:Des Heat Mass Flow [kg/s],PERIMETER_TOP_ZN_1 ZN:EL PASO INTERNATIONAL AP  UT ANN CLG .4% CONDNS DB=>MWB:Des Cool Mass Flow [kg/s],PERIMETER_TOP_ZN_2 ZN:EL PASO INTERNATIONAL AP  UT ANN HTG 99.6% CONDNS DB:Des Heat Load [W],PERIMETER_TOP_ZN_2 ZN:EL PASO INTERNATIONAL AP  UT ANN CLG .4% CONDNS DB=>MWB:Des Sens Cool Load [W],PERIMETER_TOP_ZN_2 ZN:EL PASO INTERNATIONAL AP  UT ANN HTG 99.6% CONDNS DB:Des Heat Mass Flow [kg/s],PERIMETER_TOP_ZN_2 ZN:EL PASO INTERNATIONAL AP  UT ANN CLG .4% CONDNS DB=>MWB:Des Cool Mass Flow [kg/s],PERIMETER_TOP_ZN_3 ZN:EL PASO INTERNATIONAL AP  UT ANN HTG 99.6% CONDNS DB:Des Heat Load [W],PERIMETER_TOP_ZN_3 ZN:EL PASO INTERNATIONAL AP  UT ANN CLG .4% CONDNS DB=>MWB:Des Sens Cool Load [W],PERIMETER_TOP_ZN_3 ZN:EL PASO INTERNATIONAL AP  UT ANN HTG 99.6% CONDNS DB:Des Heat Mass Flow [kg/s],PERIMETER_TOP_ZN_3 ZN:EL PASO INTERNATIONAL AP  UT ANN CLG .4% CONDNS DB=>MWB:Des Cool Mass Flow [kg/s],PERIMETER_TOP_ZN_4 ZN:EL PASO INTERNATIONAL AP  UT ANN HTG 99.6% CONDNS DB:Des Heat Load [W],PERIMETER_TOP_ZN_4 ZN:EL PASO INTERNATIONAL AP  UT ANN CLG .4% CONDNS DB=>MWB:Des Sens Cool Load [W],PERIMETER_TOP_ZN_4 ZN:EL PASO INTERNATIONAL AP  UT ANN HTG 99.6% CONDNS DB:Des Heat Mass Flow [kg/s],PERIMETER_TOP_ZN_4 ZN:EL PASO INTERNATIONAL AP  UT ANN CLG .4% CONDNS DB=>MWB:Des Cool Mass Flow [kg/s]
00:15:00,0.000000E+00,2.063866E+04,0.000000E+00,1.452500E+00,0.000000E+00,8.914789E+03,0.000000E+00,6.274027E-01,0.000000E+00,1.031772E+04,0.000000E+00,7.261369E-01,0.000000E+00,1.134622E+03,0.000000E+00,7.985072E-02,0.000000E+00,7.191305E+02,0.000000E+00,5.060982E-02,0.000000E+00,1.101648E+03,0.000000E+00,7.753017E-02,0.000000E+00,8.544512E+02,0.000000E+00,6.013312E-02,0.000000E+00,1.927423E+03,0.000000E+00,1.356439E-01,0.000000E+00,1.242516E+03,0.000000E+00,8.744289E-02,0.000000E+00,1.896187E+03,0.000000E+00,1.334457E-01,0.000000E+00,1.414864E+03,0.000000E+00,9.957181E-02,5.490162E+02,2.218412E+03,1.565580E-02,1.561217E-01,4.801301E+02,1.427681E+03,1.368733E-02,1.004735E-01,5.635634E+02,2.188835E+03,1.607020E-02,1.540402E-01,4.384984E+02,1.600262E+03,1.250052E-02,1.126187E-01
00:30:00,0.000000E+00,2.081705E+04,0.000000E+00,1.465042E+00,0.000000E+00,9.101831E+03,0.000000E+00,6.405638E-01,0.000000E+00,1.049286E+04,0.000000E+00,7.384596E-01,0.000000E+00,1.156955E+03,0.000000E+00,8.142211E-02,0.000000E+00,7.331629E+02,0.000000E+00,5.159716E-02,0.000000E+00,1.124447E+03,0.000000E+00,7.913436E-02,0.000000E+00,8.633611E+02,0.000000E+00,6.075991E-02,0.000000E+00,1.955966E+03,0.000000E+00,1.376518E-01,0.000000E+00,1.259856E+03,0.000000E+00,8.866269E-02,0.000000E+00,1.925401E+03,0.000000E+00,1.355008E-01,0.000000E+00,1.427170E+03,0.000000E+00,1.004372E-01,6.880692E+02,2.243764E+03,1.961515E-02,1.579048E-01,5.596322E+02,1.442672E+03,1.595364E-02,1.015277E-01,7.067226E+02,2.214935E+03,2.014691E-02,1.558759E-01,5.207153E+02,1.610300E+03,1.484424E-02,1.133243E-01
00:45:00,0.000000E+00,2.096960E+04,0.000000E+00,1.475768E+00,0.000000E+00,9.259391E+03,0.000000E+00,6.516497E-01,0.000000E+00,1.063469E+04,0.000000E+00,7.484374E-01,0.000000E+00,1.166592E+03,0.000000E+00,8.210000E-02,0.000000E+00,7.389563E+02,0.000000E+00,5.200467E-02,0.000000E+00,1.134287E+03,0.000000E+00,7.982656E-02,0.000000E+00,8.652901E+02,0.000000E+00,6.089542E-02,0.000000E+00,1.973699E+03,0.000000E+00,1.388990E-01,0.000000E+00,1.270018E+03,0.000000E+00,8.937731E-02,0.000000E+00,1.943942E+03,0.000000E+00,1.368049E-01,0.000000E+00,1.432045E+03,0.000000E+00,1.007798E-01,8.346487E+02,2.257139E+03,2.379364E-02,1.588450E-01,6.631155E+02,1.449841E+03,1.890361E-02,1.020317E-01,8.554842E+02,2.229170E+03,2.438761E-02,1.568768E-01,6.232444E+02,1.612418E+03,1.776701E-02,1.134728E-01
01:00:00,0.000000E+00,2.110049E+04,0.000000E+00,1.484971E+00,0.000000E+00,9.395496E+03,0.000000E+00,6.612257E-01,0.000000E+00,1.075193E+04,0.000000E+00,7.566854E-01,0.000000E+00,1.170412E+03,0.000000E+00,8.236851E-02,0.000000E+00,7.408428E+02,0.000000E+00,5.213724E-02,0.000000E+00,1.138552E+03,0.000000E+00,8.012636E-02,0.000000E+00,8.630608E+02,0.000000E+00,6.073829E-02,0.000000E+00,1.983602E+03,0.000000E+00,1.395953E-01,0.000000E+00,1.274983E+03,0.000000E+00,8.972633E-02,0.000000E+00,1.954746E+03,0.000000E+00,1.375646E-01,0.000000E+00,1.431693E+03,0.000000E+00,1.007545E-01,9.614854E+02,2.261890E+03,2.740931E-02,1.591787E-01,7.416697E+02,1.451356E+03,2.114286E-02,1.021378E-01,9.834344E+02,2.234856E+03,2.803501E-02,1.572762E-01,7.033731E+02,1.608680E+03,2.005116E-02,1.132091E-01
01:15:00,0.000000E+00,2.124504E+04,0.000000E+00,1.495138E+00,0.000000E+00,9.549261E+03,0.000000E+00,6.720445E-01,0.000000E+00,1.088448E+04,0.000000E+00,7.660108E-01,0.000000E+00,1.176569E+03,0.000000E+00,8.280153E-02,0.000000E+00,7.440675E+02,0.000000E+00,5.236399E-02,0.000000E+00,1.145312E+03,0.000000E+00,8.060183E-02,0.000000E+00,8.621383E+02,0.000000E+00,6.067314E-02,0.000000E+00,1.995574E+03,0.000000E+00,1.404372E-01,0.000000E+00,1.281116E+03,0.000000E+00,9.015755E-02,0.000000E+00,1.967688E+03,0.000000E+00,1.384748E-01,0.000000E+00,1.432636E+03,0.000000E+00,1.008205E-01,1.065262E+03,2.268230E+03,3.036756E-02,1.596242E-01,8.081674E+02,1.453757E+03,2.303842E-02,1.023063E-01,1.088549E+03,2.242180E+03,3.103142E-02,1.577910E-01,7.705844E+02,1.605865E+03,2.196707E-02,1.130107E-01
01:30:00,0.000000E+00,2.137778E+04,0.000000E+00,1.504473E+00,0.000000E+00,9.691336E+03,0.000000E+00,6.820406E-01,0.000000E+00,1.100352E+04,0.000000E+00,7.743851E-01,0.000000E+00,1.180323E+03,0.000000E+00,8.306544E-02,0.000000E+00,7.456716E+02,0.000000E+00,5.247670E-02,0.000000E+00,1.149780E+03,0.000000E+00,8.091599E-02,0.000000E+00,8.596545E+02,0.000000E+00,6.049813E-02,0.000000E+00,2.004389E+03,0.000000E+00,1.410570E-01,0.000000E+00,1.285165E+03,0.000000E+00,9.044217E-02,0.000000E+00,1.977520E+03,0.000000E+00,1.391662E-01,0.000000E+00,1.431656E+03,0.000000E+00,1.007512E-01,1.155845E+03,2.271100E+03,3.294971E-02,1.598256E-01,8.658921E+02,1.453897E+03,2.468387E-02,1.023158E-01,1.180197E+03,2.246074E+03,3.364391E-02,1.580644E-01,8.289835E+02,1.600911E+03,2.363175E-02,1.126616E-01
01:45:00,0.000000E+00,2.150073E+04,0.000000E+00,1.513122E+00,0.000000E+00,9.823877E+03,0.000000E+00,6.913659E-01,0.000000E+00,1.111160E+04,0.000000E+00,7.819887E-01,0.000000E+00,1.182508E+03,0.000000E+00,8.321892E-02,0.000000E+00,7.462216E+02,0.000000E+00,5.251525E-02,0.000000E+00,1.152755E+03,0.000000E+00,8.112510E-02,0.000000E+00,8.562336E+02,0.000000E+00,6.025721E-02,0.000000E+00,2.011150E+03,0.000000E+00,1.415324E-01,0.000000E+00,1.287873E+03,0.000000E+00,9.063250E-02,0.000000E+00,1.985330E+03,0.000000E+00,1.397153E-01,0.000000E+00,1.429523E+03,0.000000E+00,1.006008E-01,1.236203E+03,2.271707E+03,3.524034E-02,1.598678E-01,9.169144E+02,1.452583E+03,2.613826E-02,1.022231E-01,1.262192E+03,2.247737E+03,3.598121E-02,1.581810E-01,8.805671E+02,1.594668E+03,2.510214E-02,1.122220E-01
02:00:00,0.000000E+00,2.161584E+04,0.000000E+00,1.521220E+00,0.000000E+00,9.948853E+03,0.000000E+00,7.001591E-01,0.000000E+00,1.121101E+04,0.000000E+00,7.889828E-01,0.000000E+00,1.183811E+03,0.000000E+00,8.331038E-02,0.000000E+00,7.461828E+02,0.000000E+00,5.251238E-02,0.000000E+00,1.154900E+03,0.000000E+00,8.127586E-02,0.000000E+00,8.523752E+02,0.000000E+00,5.998551E-02,0.000000E+00,2.016749E+03,0.000000E+00,1.419261E-01,1.982917E+01,1.289838E+03,5.654328E-04,9.077059E-02,0.000000E+00,1.991997E+03,0.000000E+00,1.401842E-01,0.000000E+00,1.426849E+03,0.000000E+00,1.004124E-01,1.308630E+03,2.271020E+03,3.730488E-02,1.598192E-01,9.629980E+02,1.450461E+03,2.745185E-02,1.020736E-01,1.336424E+03,2.248131E+03,3.809719E-02,1.582084E-01,9.271173E+02,1.587808E+03,2.642904E-02,1.117391E-01
02:15:00,0.000000E+00,2.172458E+04,0.000000E+00,1.528870E+00,0.000000E+00,1.006772E+04,0.000000E+00,7.085229E-01,0.000000E+00,1.130346E+04,0.000000E+00,7.954871E-01,0.000000E+00,1.184218E+03,0.000000E+00,8.333882E-02,0.000000E+00,7.455507E+02,0.000000E+00,5.246778E-02,0.000000E+00,1.156182E+03,0.000000E+00,8.136587E-02,0.000000E+00,8.480859E+02,0.000000E+00,5.968353E-02,0.000000E+00,2.021223E+03,0.000000E+00,1.422407E-01,4.833521E+01,1.291087E+03,1.378075E-03,9.085830E-02,0.000000E+00,1.997549E+03,0.000000E+00,1.405746E-01,2.125735E+01,1.423664E+03,6.060493E-04,1.001881E-01,1.374649E+03,2.269090E+03,3.918673E-02,1.596831E-01,1.005001E+03,1.447559E+03,2.864911E-02,1.018692E-01,1.404555E+03,2.247298E+03,4.003925E-02,1.581495E-01,9.695551E+02,1.580381E+03,2.763871E-02,1.112162E-01
02:30:00,0.000000E+00,2.182799E+04,0.000000E+00,1.536147E+00,0.000000E+00,1.018154E+04,0.000000E+00,7.165313E-01,0.000000E+00,1.139017E+04,0.000000E+00,8.015882E-01,0.000000E+00,1.184080E+03,0.000000E+00,8.332895E-02,0.000000E+00,7.445664E+02,0.000000E+00,5.239840E-02,0.000000E+00,1.156940E+03,0.000000E+00,8.141905E-02,0.000000E+00,8.436065E+02,0.000000E+00,5.936819E-02,0.000000E+00,2.024997E+03,0.000000E+00,1.425060E-01,8.880457E+01,1.291907E+03,2.531761E-03,9.091587E-02,0.000000E+00,2.002401E+03,0.000000E+00,1.409159E-01,4.915211E+01,1.420244E+03,1.401265E-03,9.994736E-02,1.435381E+03,2.266375E+03,4.091789E-02,1.594918E-01,1.043734E+03,1.444185E+03,2.975317E-02,1.016316E-01,1.467960E+03,2.245680E+03,4.184662E-02,1.580354E-01,1.008687E+03,1.572686E+03,2.875415E-02,1.106746E-01
02:45:00,0.000000E+00,2.192685E+04,0.000000E+00,1.543103E+00,0.000000E+00,1.029106E+04,0.000000E+00,7.242377E-01,0.000000E+00,1.147204E+04,0.000000E+00,8.073486E-01,0.000000E+00,1.183666E+03,0.000000E+00,8.329967E-02,0.000000E+00,7.434120E+02,0.000000E+00,5.231708E-02,0.000000E+00,1.157435E+03,0.000000E+00,8.145372E-02,0.000000E+00,8.391187E+02,0.000000E+00,5.905228E-02,1.215540E+01,2.028400E+03,3.468058E-04,1.427454E-01,1.397935E+02,1.292519E+03,3.985332E-03,9.095888E-02,5.433594E+00,2.006879E+03,1.550690E-04,1.412309E-01,8.923289E+01,1.416806E+03,2.543874E-03,9.970528E-02,1.491638E+03,2.263241E+03,4.252144E-02,1.592711E-01,1.079513E+03,1.440581E+03,3.077303E-02,1.013779E-01,1.527114E+03,2.243630E+03,4.353276E-02,1.578910E-01,1.044988E+03,1.564959E+03,2.978886E-02,1.101307E-01
03:00:00,0.000000E+00,2.202173E+04,0.000000E+00,1.549780E+00,0.000000E+00,1.039684E+04,0.000000E+00,7.316813E-01,0.000000E+00,1.154972E+04,0.000000E+00,8.128147E-01,0.000000E+00,1.183179E+03,0.000000E+00,8.326531E-02,0.000000E+00,7.422254E+02,0.000000E+00,5.223350E-02,0.000000E+00,1.157863E+03,0.000000E+00,8.148372E-02,0.000000E+00,8.347559E+02,0.000000E+00,5.874518E-02,4.582333E+01,2.031678E+03,1.306604E-03,1.429760E-01,1.803607E+02,1.293089E+03,5.141646E-03,9.099890E-02,3.695294E+01,2.011226E+03,1.053617E-03,1.415367E-01,1.391795E+02,1.413503E+03,3.967730E-03,9.947281E-02,1.543913E+03,2.259961E+03,4.401151E-02,1.590402E-01,1.112269E+03,1.436927E+03,3.170668E-02,1.011207E-01,1.582626E+03,2.241417E+03,4.511511E-02,1.577352E-01,1.078509E+03,1.557368E+03,3.074434E-02,1.095965E-01
03:15:00,0.000000E+00,2.211304E+04,0.000000E+00,1.556206E+00,0.000000E+00,1.049929E+04,0.000000E+00,7.388905E-01,0.000000E+00,1.162371E+04,0.000000E+00,8.180206E-01,0.000000E+00,1.182207E+03,0.000000E+00,8.319680E-02,0.000000E+00,7.407365E+02,0.000000E+00,5.212866E-02,0.000000E+00,1.157805E+03,0.000000E+00,8.147954E-02,0.000000E+00,8.302344E+02,0.000000E+00,5.842692E-02,9.097353E+01,2.034352E+03,2.593732E-03,1.431640E-01,2.210213E+02,1.293301E+03,6.300766E-03,9.101372E-02,7.791682E+01,2.014958E+03,2.221402E-03,1.417992E-01,1.769012E+02,1.410007E+03,5.043023E-03,9.922670E-02,1.591792E+03,2.256030E+03,4.537626E-02,1.587635E-01,1.142099E+03,1.432890E+03,3.255695E-02,1.008366E-01,1.634909E+03,2.238536E+03,4.660542E-02,1.575324E-01,1.108847E+03,1.549566E+03,3.160908E-02,1.090474E-01
03:30:00,0.000000E+00,2.220108E+04,0.000000E+00,1.562401E+00,0.000000E+00,1.059869E+04,0.000000E+00,7.458855E-01,0.000000E+00,1.169433E+04,0.000000E+00,8.229904E-01,0.000000E+00,1.180819E+03,0.000000E+00,8.309906E-02,0.000000E+00,7.389962E+02,0.000000E+00,5.200614E-02,0.000000E+00,1.157328E+03,0.000000E+00,8.144589E-02,0.000000E+00,8.255923E+02,0.000000E+00,5.810020E-02,1.518035E+02,2.036489E+03,4.327849E-03,1.433143E-01,2.579494E+02,1.293203E+03,7.353472E-03,9.100684E-02,1.352186E+02,2.018139E+03,3.854942E-03,1.420230E-01,2.164257E+02,1.406350E+03,6.169755E-03,9.896931E-02,1.636190E+03,2.251525E+03,4.664176E-02,1.584464E-01,1.170792E+03,1.428525E+03,3.337480E-02,1.005294E-01,1.684247E+03,2.235061E+03,4.801174E-02,1.572878E-01,1.137561E+03,1.541591E+03,3.242754E-02,1.084862E-01
03:45:00,0.000000E+00,2.228608E+04,0.000000E+00,1.568383E+00,0.000000E+00,1.069526E+04,0.000000E+00,7.526806E-01,0.000000E+00,1.176185E+04,0.000000E+00,8.277416E-01,0.000000E+00,1.179071E+03,0.000000E+00,8.297594E-02,0.000000E+00,7.370421E+02,0.000000E+00,5.186858E-02,0.000000E+00,1.156484E+03,0.000000E+00,8.138645E-02,0.000000E+00,8.208592E+02,0.000000E+00,5.776707E-02,2.135874E+02,2.038152E+03,6.088870E-03,1.434314E-01,2.921295E+02,1.292840E+03,8.327836E-03,9.098123E-02,2.002988E+02,2.020833E+03,5.710048E-03,1.422126E-01,2.517066E+02,1.402565E+03,7.175506E-03,9.870295E-02,1.679222E+03,2.246516E+03,4.786833E-02,1.580939E-01,1.198943E+03,1.423880E+03,3.417720E-02,1.002025E-01,1.730788E+03,2.231064E+03,4.933837E-02,1.570065E-01,1.165458E+03,1.533480E+03,3.322269E-02,1.079154E-01
04:00:00,0.000000E+00,2.236821E+04,0.000000E+00,1.574163E+00,0.000000E+00,1.078914E+04,0.000000E+00,7.592871E-01,0.000000E+00,1.182645E+04,0.000000E+00,8.322873E-01,0.000000E+00,1.177001E+03,0.000000E+00,8.283024E-02,0.000000E+00,7.349016E+02,0.000000E+00,5.171790E-02,0.000000E+00,1.155312E+03,0.000000E+00,8.130390E-02,0.000000E+00,8.160541E+02,0.000000E+00,5.742888E-02,2.660288E+02,2.039388E+03,7.583830E-03,1.435183E-01,3.242132E+02,1.292240E+03,9.242433E-03,9.093901E-02,2.515403E+02,2.023084E+03,7.170802E-03,1.423709E-01,2.845747E+02,1.398673E+03,8.112469E-03,9.842907E-02,1.721698E+03,2.241054E+03,4.907909E-02,1.577095E-01,1.227269E+03,1.418988E+03,3.498463E-02,9.985819E-02,1.774388E+03,2.226592E+03,5.058114E-02,1.566918E-01,1.193148E+03,1.525256E+03,3.401199E-02,1.073366E-01
04:15:00,0.000000E+00,2.244715E+04,0.000000E+00,1.579718E+00,0.000000E+00,1.087997E+04,0.000000E+00,7.656792E-01,0.000000E+00,1.188837E+04,0.000000E+00,8.366450E-01,0.000000E+00,1.175197E+03,0.000000E+00,8.270319E-02,0.000000E+00,7.329645E+02,0.000000E+00,5.158155E-02,0.000000E+00,1.154396E+03,0.000000E+00,8.123941E-02,0.000000E+00,8.115754E+02,0.000000E+00,5.711367E-02,3.185350E+02,2.040870E+03,9.080632E-03,1.436225E-01,3.545186E+02,1.291853E+03,1.010633E-02,9.091177E-02,3.049505E+02,2.025565E+03,8.693379E-03,1.425455E-01,3.155250E+02,1.395132E+03,8.994755E-03,9.817985E-02,1.764959E+03,2.235965E+03,5.031222E-02,1.573514E-01,1.256396E+03,1.414393E+03,3.581492E-02,9.953484E-02,1.814683E+03,2.222474E+03,5.172969E-02,1.564019E-01,1.221732E+03,1.517472E+03,3.482676E-02,1.067888E-01
04:30:00,0.000000E+00,2.252372E+04,0.000000E+00,1.585107E+00,0.000000E+00,1.096861E+04,0.000000E+00,7.719168E-01,0.000000E+00,1.194769E+04,0.000000E+00,8.408196E-01,0.000000E+00,1.173746E+03,0.000000E+00,8.260108E-02,0.000000E+00,7.312825E+02,0.000000E+00,5.146316E-02,0.000000E+00,1.153826E+03,0.000000E+00,8.119925E-02,0.000000E+00,8.074635E+02,0.000000E+00,5.682428E-02,3.663853E+02,2.042733E+03,1.044470E-02,1.437536E-01,3.833084E+02,1.291756E+03,1.092702E-02,9.090494E-02,3.531060E+02,2.028411E+03,1.006614E-02,1.427457E-01,3.448582E+02,1.392005E+03,9.830941E-03,9.795979E-02,1.809068E+03,2.231263E+03,5.156960E-02,1.570205E-01,1.285179E+03,1.410098E+03,3.663539E-02,9.923256E-02,1.852346E+03,2.218725E+03,5.280319E-02,1.561381E-01,1.250281E+03,1.510115E+03,3.564059E-02,1.062711E-01
04:45:00,0.000000E+00,2.259756E+04,0.000000E+00,1.590303E+00,0.000000E+00,1.105463E+04,0.000000E+00,7.779705E-01,0.000000E+00,1.200463E+04,0.000000E+00,8.448266E-01,0.000000E+00,1.172681E+03,0.000000E+00,8.252606E-02,0.000000E+00,7.298785E+02,0.000000E+00,5.136433E-02,0.000000E+00,1.153630E+03,0.000000E+00,8.118536E-02,0.000000E+00,8.037422E+02,0.000000E+00,5.656237E-02,4.116734E+02,2.045000E+03,1.173572E-02,1.439131E-01,4.107780E+02,1.291969E+03,1.171007E-02,9.091986E-02,3.986529E+02,2.031643E+03,1.136454E-02,1.429731E-01,3.727983E+02,1.389314E+03,1.062741E-02,9.777037E-02,1.852756E+03,2.227068E+03,5.281494E-02,1.567252E-01,1.313623E+03,1.406180E+03,3.744620E-02,9.895687E-02,1.889062E+03,2.215459E+03,5.384973E-02,1.559083E-01,1.278558E+03,1.503269E+03,3.644665E-02,1.057893E-01
05:00:00,0.000000E+00,2.266929E+04,0.000000E+00,1.595351E+00,0.000000E+00,1.113870E+04,0.000000E+00,7.838868E-01,0.000000E+00,1.205925E+04,0.000000E+00,8.486699E-01,0.000000E+00,1.172057E+03,0.000000E+00,8.248216E-02,0.000000E+00,7.287868E+02,0.000000E+00,5.128748E-02,0.000000E+00,1.153864E+03,0.000000E+00,8.120179E-02,0.000000E+00,8.004342E+02,0.000000E+00,5.632956E-02,4.549141E+02,2.047752E+03,1.296836E-02,1.441068E-01,4.371458E+02,1.292537E+03,1.246171E-02,9.095984E-02,4.421309E+02,2.035342E+03,1.260396E-02,1.432334E-01,3.995842E+02,1.387092E+03,1.139097E-02,9.761397E-02,1.896068E+03,2.223366E+03,5.404957E-02,1.564647E-01,1.341731E+03,1.402629E+03,3.824744E-02,9.870699E-02,1.925701E+03,2.212668E+03,5.489413E-02,1.557118E-01,1.306548E+03,1.496905E+03,3.724451E-02,1.053415E-01
05:15:00,0.000000E+00,2.499491E+04,0.000000E+00,1.784321E+00,0.000000E+00,1.350449E+04,0.000000E+00,9.646146E-01,1.700129E+03,1.444240E+04,5.062860E-02,1.031638E+00,7.475228E+02,1.611267E+03,2.210003E-02,1.150589E-01,5.513881E+02,1.009764E+03,1.625553E-02,7.211649E-02,7.335885E+02,1.594533E+03,2.170222E-02,1.138696E-01,5.335358E+02,1.084572E+03,1.574071E-02,7.745426E-02,1.595086E+03,2.583005E+03,4.639153E-02,1.846465E-01,1.151221E+03,1.634320E+03,3.344483E-02,1.168400E-01,1.591496E+03,2.570840E+03,4.629821E-02,1.837777E-01,1.117558E+03,1.731626E+03,3.247699E-02,1.237960E-01,2.985388E+03,2.764744E+03,8.645273E-02,1.976422E-01,2.044745E+03,1.748337E+03,5.922298E-02,1.249935E-01,2.966930E+03,2.754411E+03,8.586764E-02,1.969046E-01,2.007750E+03,1.844797E+03,5.815112E-02,1.318872E-01
05:30:00,0.000000E+00,2.580454E+04,0.000000E+00,1.876526E+00,0.000000E+00,1.433525E+04,0.000000E+00,1.042714E+00,1.750946E+03,1.527168E+04,5.216672E-02,1.110898E+00,9.001961E+02,1.764864E+03,2.672099E-02,1.283011E-01,6.743338E+02,1.117532E+03,1.997671E-02,8.128061E-02,8.835125E+02,1.750936E+03,2.623997E-02,1.272992E-01,6.516055E+02,1.191168E+03,1.931432E-02,8.662843E-02,1.850715E+03,2.832902E+03,5.431967E-02,2.063802E-01,1.328335E+03,1.804184E+03,3.899225E-02,1.314787E-01,1.842768E+03,2.824643E+03,5.408882E-02,2.057900E-01,1.293207E+03,1.895489E+03,3.796350E-02,1.381102E-01,3.434151E+03,3.016670E+03,1.008604E-01,2.197732E-01,2.346234E+03,1.919578E+03,6.893251E-02,1.398892E-01,3.397685E+03,3.010333E+03,9.974378E-02,2.193234E-01,2.307114E+03,2.009697E+03,6.778084E-02,1.464323E-01
05:45:00,0.000000E+00,2.747343E+04,0.000000E+00,2.033976E+00,0.000000E+00,1.604425E+04,0.000000E+00,1.187515E+00,2.967831E+03,1.696938E+04,8.899888E-02,1.256076E+00,1.412778E+03,2.138817E+03,4.223524E-02,1.582493E-01,1.051640E+03,1.433318E+03,3.139652E-02,1.062147E-01,1.384900E+03,2.163007E+03,4.141538E-02,1.601133E-01,1.016922E+03,1.433112E+03,3.037125E-02,1.060600E-01,2.620637E+03,3.281303E+03,7.783168E-02,2.431672E-01,1.823561E+03,2.174860E+03,5.417865E-02,1.613430E-01,2.607284E+03,3.316538E+03,7.743164E-02,2.458585E-01,1.787956E+03,2.184176E+03,5.311902E-02,1.618850E-01,4.313078E+03,3.465132E+03,1.283047E-01,2.567995E-01,2.914765E+03,2.290502E+03,8.673548E-02,1.699192E-01,4.265235E+03,3.502261E+03,1.268554E-01,2.596312E-01,2.874045E+03,2.298223E+03,8.551988E-02,1.703416E-01
06:00:00,0.000000E+00,2.886578E+04,0.000000E+00,2.170553E+00,0.000000E+00,1.746581E+04,0.000000E+00,1.310634E+00,3.836665E+03,1.837871E+04,1.152964E-01,1.379459E+00,1.817002E+03,2.453742E+03,5.446916E-02,1.837206E-01,1.350746E+03,1.801507E+03,4.044894E-02,1.351200E-01,1.780655E+03,2.540877E+03,5.339301E-02,1.903339E-01,1.306328E+03,1.648789E+03,3.913010E-02,1.234953E-01,3.216126E+03,3.671724E+03,9.608036E-02,2.755612E-01,2.208881E+03,2.601273E+03,6.604851E-02,1.954333E-01,3.197897E+03,3.775867E+03,9.552731E-02,2.834619E-01,2.172487E+03,2.436341E+03,6.494875E-02,1.828875E-01,5.024052E+03,3.855200E+03,1.506834E-01,2.893922E-01,3.376054E+03,2.716543E+03,1.013041E-01,2.041224E-01,4.964815E+03,3.960600E+03,1.488990E-01,2.973874E-01,3.333634E+03,2.549978E+03,1.000215E-01,1.914538E-01
06:15:00,0.000000E+00,3.035886E+04,0.000000E+00,2.324166E+00,2.050769E+03,1.894552E+04,6.428843E-02,1.451391E+00,7.142976E+03,1.982024E+04,2.195354E-01,1.518299E+00,2.441237E+03,2.839023E+03,7.515217E-02,2.176683E-01,1.734568E+03,2.377364E+03,5.339683E-02,1.826622E-01,2.393518E+03,3.022334E+03,7.366875E-02,2.318171E-01,1.695712E+03,1.901727E+03,5.220364E-02,1.458005E-01,3.720424E+03,4.095685E+03,1.144969E-01,3.138929E-01,2.561297E+03,3.209351E+03,7.883207E-02,2.463518E-01,3.687180E+03,4.298890E+03,1.134744E-01,3.295534E-01,2.518053E+03,2.706203E+03,7.750115E-02,2.073936E-01,5.833904E+03,4.271573E+03,1.795077E-01,3.273466E-01,3.898101E+03,3.318948E+03,1.199320E-01,2.547310E-01,5.804482E+03,4.474452E+03,1.786040E-01,3.429791E-01,3.854396E+03,2.815210E+03,1.185905E-01,2.157312E-01
06:30:00,0.000000E+00,3.227116E+04,0.000000E+00,2.505519E+00,2.050769E+03,2.086383E+04,6.428843E-02,1.620824E+00,8.816840E+03,2.171584E+04,2.736335E-01,1.686919E+00,3.003457E+03,3.332486E+03,9.359216E-02,2.591653E-01,2.131463E+03,3.157401E+03,6.644461E-02,2.464497E-01,2.936393E+03,3.638220E+03,9.147923E-02,2.831196E-01,2.084613E+03,2.226716E+03,6.498381E-02,1.731859E-01,4.475311E+03,4.606798E+03,1.395731E-01,3.581709E-01,3.048994E+03,4.011404E+03,9.512813E-02,3.127824E-01,4.439974E+03,4.935743E+03,1.384680E-01,3.839135E-01,3.004683E+03,3.043089E+03,9.374108E-02,2.366171E-01,6.600554E+03,4.778149E+03,2.060652E-01,3.714636E-01,4.391482E+03,4.117084E+03,1.371089E-01,3.209747E-01,6.574413E+03,5.105238E+03,2.052466E-01,3.970576E-01,4.346771E+03,3.149240E+03,1.357132E-01,2.448514E-01
06:45:00,0.000000E+00,3.384170E+04,0.000000E+00,2.663362E+00,3.432253E+03,2.244705E+04,1.089712E-01,1.767327E+00,1.182339E+04,2.328599E+04,3.730444E-01,1.833311E+00,3.659843E+03,3.751305E+03,1.157850E-01,2.956386E-01,2.544516E+03,3.943521E+03,8.051903E-02,3.116343E-01,3.588072E+03,4.150793E+03,1.134980E-01,3.272554E-01,2.499419E+03,2.499265E+03,7.909092E-02,1.969545E-01,5.094841E+03,5.053905E+03,1.613260E-01,3.981900E-01,3.451274E+03,4.823670E+03,1.093139E-01,3.809158E-01,5.059902E+03,5.476109E+03,1.602166E-01,4.315851E-01,3.405409E+03,3.330945E+03,1.078570E-01,2.624547E-01,7.251605E+03,5.222434E+03,2.297710E-01,4.114442E-01,4.810180E+03,4.926325E+03,1.524220E-01,3.889840E-01,7.224905E+03,5.641389E+03,2.289247E-01,4.445808E-01,4.764374E+03,3.435283E+03,1.509702E-01,2.706602E-01
07:00:00,0.000000E+00,3.549241E+04,0.000000E+00,2.826540E+00,4.477755E+03,2.410781E+04,1.426993E-01,1.918905E+00,1.428358E+04,2.494289E+04,4.541376E-01,1.985479E+00,4.249923E+03,4.197783E+03,1.356228E-01,3.340753E-01,2.926940E+03,4.788844E+03,9.344968E-02,3.817976E-01,4.169455E+03,4.678539E+03,1.330384E-01,3.724629E-01,2.880726E+03,2.785564E+03,9.196623E-02,2.217099E-01,5.703714E+03,5.525307E+03,1.824088E-01,4.399121E-01,3.844997E+03,5.693849E+03,1.230176E-01,4.539419E-01,5.668641E+03,6.028402E+03,1.812791E-01,4.800804E-01,3.797657E+03,3.642129E+03,1.214932E-01,2.900043E-01,7.881493E+03,5.692799E+03,2.524816E-01,4.532619E-01,5.214817E+03,5.794882E+03,1.670821E-01,4.619913E-01,7.855449E+03,6.191993E+03,2.516448E-01,4.931187E-01,5.167872E+03,3.745827E+03,1.655726E-01,2.982693E-01
07:15:00,2.340238E+03,3.746602E+04,7.599689E-02,3.046022E+00,6.403903E+03,2.607318E+04,2.089058E-01,2.120889E+00,1.608748E+04,2.691825E+04,5.246728E-01,2.189613E+00,4.687128E+03,4.761950E+03,1.528529E-01,3.876970E-01,3.200170E+03,5.776225E+03,1.043562E-01,4.707789E-01,4.613526E+03,5.311358E+03,1.504562E-01,4.324308E-01,3.154319E+03,3.156751E+03,1.028625E-01,2.570243E-01,6.163689E+03,6.110648E+03,2.009604E-01,4.974066E-01,4.136993E+03,6.697527E+03,1.348791E-01,5.456128E-01,6.128606E+03,6.682118E+03,1.998176E-01,5.439060E-01,4.089620E+03,4.031413E+03,1.333355E-01,3.281672E-01,8.278815E+03,6.279183E+03,2.698668E-01,5.111093E-01,5.470485E+03,6.797768E+03,1.783206E-01,5.537501E-01,8.255021E+03,6.846615E+03,2.690918E-01,5.572784E-01,5.422893E+03,4.135806E+03,1.767701E-01,3.366543E-01
07:30:00,2.340238E+03,3.887475E+04,7.599689E-02,3.228799E+00,8.064919E+03,2.747720E+04,2.650751E-01,2.282929E+00,1.880925E+04,2.834375E+04,6.193988E-01,2.355020E+00,5.311396E+03,5.237983E+03,1.750759E-01,4.359769E-01,3.589318E+03,6.660198E+03,1.183249E-01,5.555559E-01,5.242869E+03,5.804965E+03,1.728164E-01,4.831041E-01,3.544813E+03,3.466025E+03,1.168567E-01,2.885427E-01,6.747759E+03,6.609324E+03,2.224541E-01,5.500324E-01,4.507060E+03,7.598606E+03,1.485939E-01,6.334654E-01,6.714056E+03,7.196446E+03,2.213428E-01,5.987973E-01,4.459275E+03,4.343118E+03,1.470177E-01,3.614344E-01,8.817537E+03,6.781822E+03,2.907074E-01,5.643816E-01,5.812482E+03,7.700182E+03,1.916408E-01,6.418987E-01,8.795932E+03,7.364999E+03,2.899954E-01,6.128168E-01,5.764317E+03,4.449992E+03,1.900523E-01,3.703243E-01
07:45:00,4.254621E+03,4.041199E+04,1.408601E-01,3.426742E+00,9.887673E+03,2.902232E+04,3.287474E-01,2.461372E+00,2.018642E+04,2.991897E+04,6.725464E-01,2.537536E+00,5.700317E+03,5.748365E+03,1.900477E-01,4.883075E-01,3.842144E+03,7.496650E+03,1.281052E-01,6.377599E-01,5.631447E+03,6.298747E+03,1.877518E-01,5.348956E-01,3.796668E+03,3.793581E+03,1.265882E-01,3.222520E-01,7.142717E+03,7.140229E+03,2.381605E-01,6.064555E-01,4.760881E+03,8.448926E+03,1.587511E-01,7.184589E-01,7.109427E+03,7.708479E+03,2.370505E-01,6.545275E-01,4.712281E+03,4.679705E+03,1.571296E-01,3.974236E-01,9.208169E+03,7.318922E+03,3.070484E-01,6.216338E-01,6.063697E+03,8.553508E+03,2.022026E-01,7.273269E-01,9.187723E+03,7.883602E+03,3.063672E-01,6.694017E-01,6.014653E+03,4.790516E+03,2.005665E-01,4.068355E-01
08:00:00,5.579588E+03,4.185535E+04,1.856674E-01,3.615216E+00,1.148439E+04,3.046890E+04,3.843690E-01,2.629854E+00,2.194291E+04,3.140586E+04,7.371286E-01,2.710987E+00,6.139046E+03,6.258159E+03,2.064325E-01,5.403605E-01,4.122271E+03,8.261426E+03,1.386397E-01,7.145085E-01,6.071394E+03,6.754902E+03,2.041510E-01,5.832648E-01,4.076552E+03,4.109987E+03,1.370976E-01,3.548917E-01,7.579920E+03,7.671796E+03,2.550235E-01,6.626996E-01,5.040663E+03,9.225247E+03,1.696116E-01,7.978164E-01,7.547265E+03,8.183283E+03,2.539223E-01,7.068651E-01,4.991452E+03,5.007827E+03,1.679515E-01,4.325750E-01,9.634843E+03,7.859237E+03,3.243303E-01,6.789278E-01,6.336964E+03,9.334597E+03,2.133319E-01,8.072716E-01,9.615667E+03,8.367652E+03,3.236839E-01,7.228265E-01,6.287235E+03,5.124165E+03,2.116545E-01,4.426469E-01
08:15:00,4.500160E+03,4.050954E+04,1.523063E-01,3.536993E+00,1.008105E+04,2.916006E+04,3.409027E-01,2.546150E+00,2.008345E+04,3.012179E+04,6.791457E-01,2.630118E+00,5.723305E+03,6.155436E+03,1.935305E-01,5.374691E-01,3.848482E+03,8.445315E+03,1.301346E-01,7.373376E-01,5.658602E+03,6.553229E+03,1.913425E-01,5.721975E-01,3.803733E+03,4.025967E+03,1.286214E-01,3.515304E-01,7.102309E+03,7.536267E+03,2.401612E-01,6.580235E-01,4.729333E+03,9.394871E+03,1.599208E-01,8.202041E-01,7.071656E+03,7.949829E+03,2.391246E-01,6.941253E-01,4.680569E+03,4.901576E+03,1.582717E-01,4.279749E-01,9.083510E+03,7.729302E+03,3.071610E-01,6.748754E-01,5.980167E+03,9.508339E+03,2.022210E-01,8.301053E-01,9.066947E+03,8.140798E+03,3.066009E-01,7.107964E-01,5.930600E+03,5.021576E+03,2.005448E-01,4.384508E-01
08:30:00,5.732946E+03,4.074850E+04,1.939944E-01,3.558097E+00,1.093044E+04,2.942914E+04,3.696257E-01,2.569733E+00,2.048652E+04,3.043023E+04,6.927759E-01,2.657146E+00,5.748128E+03,6.341429E+03,1.943696E-01,5.537237E-01,3.854302E+03,8.743534E+03,1.303313E-01,7.634441E-01,5.685372E+03,6.643245E+03,1.922474E-01,5.800749E-01,3.810196E+03,4.124185E+03,1.288398E-01,3.601162E-01,7.089149E+03,7.707039E+03,2.397160E-01,6.729589E-01,4.711912E+03,9.686016E+03,1.593316E-01,8.457208E-01,7.060000E+03,8.024479E+03,2.387302E-01,7.006733E-01,4.663468E+03,5.000760E+03,1.576933E-01,4.366520E-01,9.022519E+03,7.908821E+03,3.050983E-01,6.905762E-01,5.933196E+03,9.805733E+03,2.006324E-01,8.561710E-01,9.008041E+03,8.225147E+03,3.046087E-01,7.181932E-01,5.883554E+03,5.126409E+03,1.989537E-01,4.476222E-01
08:45:00,5.019598E+03,4.027809E+04,1.697457E-01,3.517063E+00,1.018688E+04,2.894727E+04,3.444815E-01,2.527665E+00,1.965343E+04,3.000328E+04,6.646039E-01,2.619874E+00,5.530916E+03,6.375579E+03,1.870261E-01,5.567064E-01,3.710130E+03,8.904369E+03,1.254571E-01,7.775010E-01,5.469693E+03,6.593892E+03,1.849557E-01,5.757664E-01,3.666419E+03,4.138578E+03,1.239789E-01,3.613735E-01,6.848105E+03,7.737897E+03,2.315669E-01,6.756554E-01,4.553230E+03,9.845262E+03,1.539669E-01,8.596480E-01,6.820222E+03,7.971508E+03,2.306240E-01,6.960511E-01,4.504943E+03,5.016124E+03,1.523339E-01,4.379952E-01,8.751881E+03,7.951831E+03,2.959477E-01,6.943341E-01,5.756081E+03,9.973529E+03,1.946439E-01,8.708458E-01,8.738856E+03,8.185112E+03,2.955072E-01,7.147010E-01,5.706470E+03,5.149583E+03,1.929662E-01,4.496475E-01
09:00:00,4.870128E+03,4.004325E+04,1.646892E-01,3.496557E+00,9.965130E+03,2.871556E+04,3.369827E-01,2.507426E+00,1.926729E+04,2.983417E+04,6.515462E-01,2.605102E+00,5.419761E+03,6.482854E+03,1.832694E-01,5.660721E-01,3.634762E+03,9.040667E+03,1.229098E-01,7.894029E-01,5.360100E+03,6.624843E+03,1.812518E-01,5.784676E-01,3.591362E+03,4.195548E+03,1.214422E-01,3.663472E-01,6.717462E+03,7.841772E+03,2.271516E-01,6.847243E-01,4.465971E+03,9.979506E+03,1.510176E-01,8.713735E-01,6.690823E+03,7.998850E+03,2.262508E-01,6.984375E-01,4.417805E+03,5.071623E+03,1.493888E-01,4.428405E-01,8.597052E+03,8.069700E+03,2.907135E-01,7.046250E-01,5.653788E+03,1.011785E+04,1.911857E-01,8.834517E-01,8.585426E+03,8.227143E+03,2.903203E-01,7.183702E-01,5.604197E+03,5.214144E+03,1.895087E-01,4.552842E-01
09:15:00,4.763380E+03,3.987069E+04,1.610794E-01,3.481491E+00,9.777707E+03,2.854179E+04,3.306448E-01,2.492253E+00,1.895648E+04,2.973036E+04,6.410359E-01,2.596037E+00,5.332693E+03,6.625512E+03,1.803265E-01,5.785290E-01,3.575781E+03,9.141730E+03,1.209162E-01,7.982272E-01,5.274428E+03,6.689682E+03,1.783562E-01,5.841297E-01,3.532645E+03,4.262848E+03,1.194575E-01,3.722239E-01,6.614425E+03,7.982425E+03,2.236690E-01,6.970060E-01,4.397252E+03,1.007901E+04,1.486948E-01,8.800627E-01,6.588892E+03,8.061561E+03,2.228055E-01,7.039138E-01,4.349192E+03,5.138021E+03,1.470696E-01,4.486384E-01,8.474358E+03,8.225931E+03,2.865654E-01,7.182670E-01,5.572888E+03,1.022865E+04,1.884505E-01,8.931269E-01,8.463984E+03,8.306129E+03,2.862146E-01,7.252676E-01,5.523315E+03,5.290717E+03,1.867742E-01,4.619706E-01
09:30:00,4.666225E+03,3.973009E+04,1.577939E-01,3.469218E+00,9.623441E+03,2.839908E+04,3.254281E-01,2.479794E+00,1.869431E+04,2.966325E+04,6.321704E-01,2.590179E+00,5.261381E+03,6.798375E+03,1.779160E-01,5.936239E-01,3.527555E+03,9.188156E+03,1.192861E-01,8.022806E-01,5.204365E+03,6.774397E+03,1.759879E-01,5.915277E-01,3.484659E+03,4.333111E+03,1.178355E-01,3.783595E-01,6.529502E+03,8.154004E+03,2.207983E-01,7.119887E-01,4.340733E+03,1.012402E+04,1.467842E-01,8.839928E-01,6.504966E+03,8.144845E+03,2.199686E-01,7.111870E-01,4.292780E+03,5.207594E+03,1.451626E-01,4.547137E-01,8.373179E+03,8.414286E+03,2.831445E-01,7.347145E-01,5.506110E+03,1.028591E+04,1.861927E-01,8.981266E-01,8.363600E+03,8.406946E+03,2.828206E-01,7.340716E-01,5.456795E+03,5.371352E+03,1.845251E-01,4.690119E-01
09:45:00,4.584705E+03,3.961197E+04,1.550372E-01,3.458905E+00,9.492163E+03,2.827820E+04,3.209888E-01,2.469241E+00,1.846660E+04,2.962244E+04,6.244701E-01,2.586618E+00,5.201596E+03,7.000043E+03,1.758950E-01,6.112339E-01,3.487200E+03,9.175777E+03,1.179218E-01,8.011990E-01,5.145713E+03,6.867614E+03,1.740052E-01,5.996680E-01,3.444523E+03,4.403268E+03,1.164786E-01,3.844857E-01,6.457736E+03,8.354886E+03,2.183721E-01,7.295298E-01,4.293084E+03,1.011019E+04,1.451733E-01,8.827843E-01,6.434111E+03,8.237100E+03,2.175732E-01,7.192431E-01,4.245232E+03,5.277186E+03,1.435551E-01,4.607905E-01,8.287056E+03,8.632868E+03,2.802325E-01,7.538011E-01,5.449588E+03,1.028503E+04,1.842815E-01,8.980494E-01,8.278491E+03,8.517809E+03,2.799428E-01,7.437525E-01,5.400328E+03,5.452720E+03,1.826157E-01,4.761168E-01
10:00:00,4.514344E+03,3.950968E+04,1.526579E-01,3.449974E+00,9.376834E+03,2.817266E+04,3.170888E-01,2.460026E+00,1.826333E+04,2.960049E+04,6.175961E-01,2.584702E+00,5.150111E+03,7.219935E+03,1.741544E-01,6.304349E-01,3.452522E+03,9.103157E+03,1.167494E-01,7.948570E-01,5.095276E+03,6.957963E+03,1.723001E-01,6.075575E-01,3.410041E+03,4.471234E+03,1.153129E-01,3.904203E-01,6.395383E+03,8.574324E+03,2.162640E-01,7.486910E-01,4.251789E+03,1.003594E+04,1.437771E-01,8.762998E-01,6.372606E+03,8.326743E+03,2.154938E-01,7.270708E-01,4.204028E+03,5.344651E+03,1.421620E-01,4.666814E-01,8.211937E+03,8.870794E+03,2.776924E-01,7.745766E-01,5.400436E+03,1.022421E+04,1.826195E-01,8.927377E-01,8.204343E+03,8.626977E+03,2.774356E-01,7.532850E-01,5.351209E+03,5.532529E+03,1.809548E-01,4.830855E-01
10:15:00,4.452697E+03,3.941830E+04,1.505732E-01,3.441996E+00,9.273969E+03,2.807765E+04,3.136103E-01,2.451730E+00,1.807973E+04,2.959173E+04,6.113877E-01,2.583938E+00,5.104980E+03,7.447721E+03,1.726287E-01,6.503250E-01,3.422179E+03,8.954050E+03,1.157236E-01,7.818366E-01,5.051117E+03,7.041330E+03,1.708072E-01,6.148369E-01,3.379878E+03,4.534802E+03,1.142931E-01,3.959708E-01,6.340222E+03,8.801842E+03,2.143990E-01,7.685575E-01,4.215337E+03,9.884876E+03,1.425446E-01,8.631091E-01,6.318235E+03,8.409535E+03,2.136555E-01,7.342998E-01,4.167661E+03,5.407737E+03,1.409323E-01,4.721898E-01,8.145304E+03,9.117455E+03,2.754393E-01,7.961144E-01,5.356940E+03,1.008688E+04,1.811487E-01,8.807458E-01,8.138625E+03,8.730007E+03,2.752134E-01,7.622813E-01,5.307740E+03,5.608403E+03,1.794850E-01,4.897104E-01
10:30:00,4.397613E+03,3.933421E+04,1.487105E-01,3.434654E+00,9.180459E+03,2.798968E+04,3.104481E-01,2.444049E+00,1.791118E+04,2.959197E+04,6.056878E-01,2.583959E+00,5.064676E+03,7.680007E+03,1.712660E-01,6.706077E-01,3.395127E+03,8.743001E+03,1.148089E-01,7.634077E-01,5.011724E+03,7.118996E+03,1.694753E-01,6.216183E-01,3.352993E+03,4.594762E+03,1.133841E-01,4.012062E-01,6.290500E+03,9.033969E+03,2.127178E-01,7.888261E-01,4.182546E+03,9.671504E+03,1.414358E-01,8.444774E-01,6.269256E+03,8.486728E+03,2.119994E-01,7.410400E-01,4.134947E+03,5.467224E+03,1.398262E-01,4.773838E-01,8.085103E+03,9.369214E+03,2.734036E-01,8.180973E-01,5.317728E+03,9.887232E+03,1.798227E-01,8.633127E-01,8.079292E+03,8.827958E+03,2.732071E-01,7.708339E-01,5.268551E+03,5.680995E+03,1.781598E-01,4.960488E-01
10:45:00,4.347429E+03,3.925501E+04,1.470135E-01,3.427739E+00,9.093930E+03,2.790644E+04,3.075221E-01,2.436782E+00,1.775415E+04,2.959826E+04,6.003776E-01,2.584509E+00,5.028063E+03,7.911175E+03,1.700281E-01,6.907925E-01,3.370592E+03,8.474838E+03,1.139793E-01,7.399918E-01,4.975973E+03,7.190787E+03,1.682665E-01,6.278867E-01,3.328614E+03,4.650919E+03,1.125598E-01,4.061095E-01,6.244921E+03,9.265039E+03,2.111766E-01,8.090023E-01,4.152541E+03,9.400694E+03,1.404213E-01,8.208307E-01,6.224380E+03,8.557879E+03,2.104820E-01,7.472525E-01,4.105016E+03,5.522748E+03,1.388142E-01,4.822318E-01,8.029822E+03,9.620295E+03,2.715343E-01,8.400206E-01,5.281787E+03,9.630033E+03,1.786074E-01,8.408544E-01,8.024836E+03,8.920235E+03,2.713657E-01,7.788910E-01,5.232631E+03,5.749848E+03,1.769451E-01,5.020606E-01
11:00:00,4.301007E+03,3.917905E+04,1.454437E-01,3.421106E+00,9.012791E+03,2.782635E+04,3.047782E-01,2.429789E+00,1.760633E+04,2.960843E+04,5.953791E-01,2.585398E+00,4.994352E+03,8.135751E+03,1.688882E-01,7.104016E-01,3.348032E+03,8.155507E+03,1.132165E-01,7.121084E-01,4.943079E+03,7.256106E+03,1.671543E-01,6.335900E-01,3.306201E+03,4.702785E+03,1.118020E-01,4.106381E-01,6.202591E+03,9.489528E+03,2.097453E-01,8.286037E-01,4.124720E+03,9.078425E+03,1.394805E-01,7.926909E-01,6.182718E+03,8.622805E+03,2.090733E-01,7.529214E-01,4.077263E+03,5.574104E+03,1.378757E-01,4.867159E-01,7.978425E+03,9.865048E+03,2.697962E-01,8.613914E-01,5.248424E+03,9.321200E+03,1.774792E-01,8.138879E-01,7.974227E+03,9.006487E+03,2.696543E-01,7.864221E-01,5.199286E+03,5.814653E+03,1.758176E-01,5.077189E-01
11:15:00,4.257185E+03,3.910513E+04,1.439618E-01,3.414652E+00,8.935353E+03,2.774826E+04,3.021596E-01,2.422970E+00,1.746507E+04,2.962076E+04,5.906021E-01,2.586474E+00,4.962837E+03,8.346468E+03,1.678226E-01,7.288004E-01,3.326971E+03,7.792941E+03,1.125044E-01,6.804500E-01,4.912344E+03,7.312593E+03,1.661151E-01,6.385220E-01,3.285278E+03,4.748693E+03,1.110945E-01,4.146466E-01,6.162700E+03,9.700026E+03,2.083964E-01,8.469834E-01,4.098539E+03,8.712677E+03,1.385952E-01,7.607548E-01,6.143465E+03,8.678893E+03,2.077460E-01,7.578186E-01,4.051148E+03,5.619471E+03,1.369926E-01,4.906771E-01,7.929935E+03,1.009589E+04,2.681565E-01,8.815477E-01,5.216993E+03,8.968816E+03,1.764163E-01,7.831187E-01,7.926494E+03,9.083936E+03,2.680402E-01,7.931844E-01,5.167872E+03,5.873484E+03,1.747553E-01,5.128558E-01
11:30:00,4.215538E+03,3.903238E+04,1.425534E-01,3.408300E+00,8.861074E+03,2.767135E+04,2.996477E-01,2.416254E+00,1.732963E+04,2.963385E+04,5.860219E-01,2.587618E+00,4.933166E+03,8.538965E+03,1.668193E-01,7.456081E-01,3.307164E+03,7.400835E+03,1.118347E-01,6.462125E-01,4.883419E+03,7.360477E+03,1.651371E-01,6.427029E-01,3.265603E+03,4.788702E+03,1.104292E-01,4.181399E-01,6.124863E+03,9.892133E+03,2.071170E-01,8.637571E-01,4.073736E+03,8.317322E+03,1.377565E-01,7.262337E-01,6.106238E+03,8.726302E+03,2.064872E-01,7.619581E-01,4.026406E+03,5.658868E+03,1.361560E-01,4.941169E-01,7.883916E+03,1.030830E+04,2.666004E-01,9.000937E-01,5.187197E+03,8.586716E+03,1.754088E-01,7.497551E-01,7.881198E+03,9.152587E+03,2.665085E-01,7.991786E-01,5.138090E+03,5.926264E+03,1.737482E-01,5.174642E-01
11:45:00,4.175783E+03,3.896033E+04,1.412090E-01,3.402009E+00,8.789593E+03,2.759515E+04,2.972305E-01,2.409600E+00,1.719948E+04,2.964667E+04,5.816210E-01,2.588737E+00,4.905095E+03,8.709837E+03,1.658701E-01,7.605275E-01,3.288444E+03,6.998233E+03,1.112016E-01,6.110585E-01,4.856061E+03,7.400348E+03,1.642120E-01,6.461841E-01,3.247007E+03,4.823107E+03,1.098004E-01,4.211438E-01,6.088818E+03,1.006243E+04,2.058981E-01,8.786262E-01,4.050130E+03,7.911659E+03,1.369583E-01,6.908127E-01,6.070775E+03,8.765873E+03,2.052880E-01,7.654131E-01,4.002858E+03,5.692760E+03,1.353597E-01,4.970761E-01,7.840064E+03,1.049872E+04,2.651175E-01,9.167198E-01,5.158830E+03,8.194047E+03,1.744495E-01,7.154686E-01,7.838039E+03,9.213139E+03,2.650490E-01,8.044655E-01,5.109736E+03,5.973370E+03,1.727893E-01,5.215771E-01
12:00:00,4.137650E+03,3.888885E+04,1.399195E-01,3.395767E+00,8.720546E+03,2.751954E+04,2.948956E-01,2.402998E+00,1.707408E+04,2.965857E+04,5.773801E-01,2.589776E+00,4.878419E+03,8.856902E+03,1.649681E-01,7.733680E-01,3.270667E+03,6.610676E+03,1.106005E-01,5.772185E-01,4.830066E+03,7.434003E+03,1.633330E-01,6.491225E-01,3.229349E+03,4.852998E+03,1.092033E-01,4.237536E-01,6.054340E+03,1.020868E+04,2.047322E-01,8.913960E-01,4.027569E+03,7.521553E+03,1.361953E-01,6.567502E-01,6.036853E+03,8.798964E+03,2.041409E-01,7.683022E-01,3.980352E+03,5.721953E+03,1.345987E-01,4.996250E-01,7.798116E+03,1.066477E+04,2.636990E-01,9.312178E-01,5.131715E+03,7.816733E+03,1.735326E-01,6.825232E-01,7.796753E+03,9.266835E+03,2.636529E-01,8.091538E-01,5.082631E+03,6.015534E+03,1.718728E-01,5.252586E-01
12:15:00,4.100934E+03,3.881838E+04,1.386779E-01,3.389614E+00,8.653656E+03,2.744494E+04,2.926337E-01,2.396485E+00,1.695296E+04,2.966886E+04,5.732843E-01,2.590674E+00,4.852977E+03,8.980976E+03,1.641078E-01,7.842010E-01,3.253726E+03,6.277097E+03,1.100277E-01,5.480918E-01,4.805278E+03,7.466000E+03,1.624948E-01,6.519162E-01,3.212521E+03,4.885472E+03,1.086343E-01,4.265890E-01,6.021257E+03,1.033189E+04,2.036135E-01,9.021532E-01,4.005935E+03,7.186221E+03,1.354638E-01,6.274706E-01,6.004300E+03,8.830380E+03,2.030401E-01,7.710452E-01,3.958770E+03,5.753694E+03,1.338689E-01,5.023964E-01,7.757869E+03,1.080729E+04,2.623380E-01,9.436615E-01,5.105714E+03,7.493741E+03,1.726534E-01,6.543211E-01,7.757139E+03,9.318266E+03,2.623133E-01,8.136444E-01,5.056641E+03,6.059839E+03,1.709939E-01,5.291270E-01
12:30:00,4.065480E+03,3.874989E+04,1.374790E-01,3.383633E+00,8.588716E+03,2.737228E+04,2.904376E-01,2.390141E+00,1.683578E+04,2.967897E+04,5.693218E-01,2.591557E+00,4.828649E+03,9.081863E+03,1.632851E-01,7.930094E-01,3.237536E+03,6.030806E+03,1.094802E-01,5.265872E-01,4.781574E+03,7.499084E+03,1.616933E-01,6.548049E-01,3.196438E+03,4.958519E+03,1.080904E-01,4.329672E-01,5.989436E+03,1.043186E+04,2.025375E-01,9.108819E-01,3.985140E+03,6.939076E+03,1.347606E-01,6.058915E-01,5.972987E+03,8.862924E+03,2.019812E-01,7.738867E-01,3.938024E+03,5.826011E+03,1.331673E-01,5.087108E-01,7.719165E+03,1.092615E+04,2.610292E-01,9.540394E-01,5.080724E+03,7.258603E+03,1.718083E-01,6.337905E-01,7.719042E+03,9.370284E+03,2.610250E-01,8.181863E-01,5.031660E+03,6.144125E+03,1.701491E-01,5.364864E-01
12:45:00,4.031169E+03,3.868502E+04,1.363188E-01,3.377970E+00,8.525564E+03,2.730316E+04,2.883021E-01,2.384105E+00,1.672226E+04,2.969011E+04,5.654831E-01,2.592530E+00,4.805338E+03,9.159513E+03,1.624969E-01,7.997889E-01,3.222032E+03,5.871527E+03,1.089559E-01,5.126807E-01,4.758862E+03,7.535291E+03,1.609252E-01,6.579663E-01,3.181036E+03,5.101042E+03,1.075696E-01,4.454123E-01,5.958775E+03,1.050857E+04,2.015007E-01,9.175793E-01,3.965113E+03,6.779666E+03,1.340834E-01,5.919736E-01,5.942811E+03,8.898640E+03,2.009608E-01,7.770053E-01,3.918044E+03,5.967998E+03,1.324917E-01,5.211090E-01,7.681883E+03,1.102124E+04,2.597685E-01,9.623422E-01,5.056662E+03,7.110996E+03,1.709946E-01,6.209031E-01,7.682339E+03,9.424860E+03,2.597839E-01,8.229516E-01,5.007605E+03,6.297352E+03,1.693357E-01,5.498660E-01
13:00:00,3.997908E+03,3.862537E+04,1.351940E-01,3.372761E+00,8.464074E+03,2.723910E+04,2.862227E-01,2.378512E+00,1.661218E+04,2.970341E+04,5.617605E-01,2.593692E+00,4.782967E+03,9.213415E+03,1.617404E-01,8.044948E-01,3.207161E+03,5.786054E+03,1.084530E-01,5.052188E-01,4.737065E+03,7.575288E+03,1.601882E-01,6.614587E-01,3.166263E+03,5.332482E+03,1.070700E-01,4.656220E-01,5.929191E+03,1.056156E+04,2.005003E-01,9.222054E-01,3.945799E+03,6.694431E+03,1.334303E-01,5.845326E-01,5.913691E+03,8.938197E+03,1.999761E-01,7.804593E-01,3.898775E+03,6.199329E+03,1.318401E-01,5.413090E-01,7.645921E+03,1.109206E+04,2.585524E-01,9.685246E-01,5.033461E+03,7.037167E+03,1.702101E-01,6.144579E-01,7.646932E+03,9.482572E+03,2.585866E-01,8.279908E-01,4.984411E+03,6.539110E+03,1.685514E-01,5.709763E-01
13:15:00,3.965625E+03,3.857191E+04,1.341023E-01,3.368094E+00,8.404145E+03,2.718107E+04,2.841961E-01,2.373445E+00,1.650534E+04,2.972021E+04,5.581476E-01,2.595158E+00,4.761474E+03,9.242236E+03,1.610136E-01,8.070107E-01,3.192880E+03,5.744009E+03,1.079701E-01,5.015490E-01,4.716122E+03,7.617463E+03,1.594799E-01,6.651413E-01,3.152075E+03,5.660294E+03,1.065903E-01,4.942473E-01,5.900618E+03,1.058941E+04,1.995340E-01,9.246368E-01,3.927153E+03,6.652686E+03,1.327997E-01,5.808888E-01,5.885561E+03,8.979931E+03,1.990248E-01,7.841034E-01,3.880171E+03,6.527642E+03,1.312110E-01,5.699776E-01,7.611198E+03,1.113718E+04,2.573782E-01,9.724643E-01,5.011067E+03,7.006457E+03,1.694528E-01,6.117778E-01,7.612740E+03,9.541798E+03,2.574303E-01,8.331621E-01,4.962023E+03,6.877080E+03,1.677943E-01,6.004880E-01
13:30:00,3.934261E+03,3.852492E+04,1.330417E-01,3.363990E+00,8.345696E+03,2.712934E+04,2.822196E-01,2.368928E+00,1.640158E+04,2.973964E+04,5.546389E-01,2.596855E+00,4.740805E+03,9.245066E+03,1.603147E-01,8.072572E-01,3.179153E+03,5.713426E+03,1.075059E-01,4.988797E-01,4.695980E+03,7.659770E+03,1.587989E-01,6.688355E-01,3.138437E+03,6.054496E+03,1.061291E-01,5.286698E-01,5.872999E+03,1.059122E+04,1.986001E-01,9.247944E-01,3.909137E+03,6.622233E+03,1.321905E-01,5.782308E-01,5.858365E+03,9.021771E+03,1.981052E-01,7.877568E-01,3.862195E+03,6.922942E+03,1.306031E-01,6.044955E-01,7.577646E+03,1.115552E+04,2.562436E-01,9.740645E-01,4.989434E+03,6.986540E+03,1.687213E-01,6.100396E-01,7.579695E+03,9.600268E+03,2.563129E-01,8.382675E-01,4.940396E+03,7.281461E+03,1.670630E-01,6.357986E-01
13:45:00,3.903767E+03,3.848365E+04,1.320105E-01,3.360387E+00,8.288658E+03,2.708322E+04,2.802908E-01,2.364901E+00,1.630077E+04,2.976082E+04,5.512297E-01,2.598705E+00,4.720917E+03,9.221605E+03,1.596421E-01,8.052080E-01,3.165950E+03,5.688251E+03,1.070595E-01,4.966822E-01,4.676597E+03,7.699875E+03,1.581434E-01,6.723374E-01,3.125319E+03,6.489179E+03,1.056855E-01,5.666265E-01,5.846285E+03,1.056664E+04,1.976967E-01,9.226476E-01,3.891718E+03,6.596979E+03,1.316014E-01,5.760263E-01,5.832056E+03,9.061358E+03,1.972155E-01,7.912134E-01,3.844814E+03,7.358983E+03,1.300153E-01,6.425704E-01,7.545204E+03,1.114661E+04,2.551465E-01,9.732865E-01,4.968524E+03,6.971242E+03,1.680141E-01,6.087044E-01,7.547737E+03,9.655561E+03,2.552322E-01,8.430955E-01,4.919490E+03,7.726170E+03,1.663560E-01,6.746302E-01
14:00:00,3.874103E+03,3.844701E+04,1.310074E-01,3.357188E+00,8.232970E+03,2.704169E+04,2.784076E-01,2.361275E+00,1.620277E+04,2.978259E+04,5.479158E-01,2.600605E+00,4.701770E+03,9.172120E+03,1.589946E-01,8.008866E-01,3.153243E+03,5.665666E+03,1.066298E-01,4.947104E-01,4.657933E+03,7.735689E+03,1.575123E-01,6.754645E-01,3.112694E+03,6.943403E+03,1.052586E-01,6.062887E-01,5.820434E+03,1.051601E+04,1.968226E-01,9.182256E-01,3.874867E+03,6.574147E+03,1.310316E-01,5.740330E-01,5.806591E+03,9.096589E+03,1.963544E-01,7.942896E-01,3.828000E+03,7.814457E+03,1.294468E-01,6.823415E-01,7.513820E+03,1.111079E+04,2.540853E-01,9.701584E-01,4.948300E+03,6.957768E+03,1.673303E-01,6.075282E-01,7.516817E+03,9.705540E+03,2.541866E-01,8.474594E-01,4.899271E+03,8.189978E+03,1.656723E-01,7.151288E-01
14:15:00,3.845232E+03,3.841384E+04,1.300311E-01,3.354292E+00,8.178579E+03,2.700365E+04,2.765684E-01,2.357954E+00,1.610747E+04,2.980355E+04,5.446933E-01,2.602435E+00,4.683327E+03,9.096461E+03,1.583710E-01,7.942798E-01,3.141010E+03,5.642521E+03,1.062161E-01,4.926896E-01,4.639953E+03,7.763991E+03,1.569043E-01,6.779356E-01,3.100537E+03,7.398131E+03,1.048475E-01,6.459942E-01,5.795408E+03,1.043911E+04,1.959763E-01,9.115106E-01,3.858560E+03,6.550550E+03,1.304802E-01,5.719727E-01,5.781935E+03,9.124159E+03,1.955207E-01,7.966968E-01,3.811728E+03,8.270189E+03,1.288965E-01,7.221343E-01,7.483447E+03,1.104774E+04,2.530582E-01,9.646526E-01,4.928733E+03,6.942865E+03,1.666686E-01,6.062270E-01,7.486886E+03,9.746799E+03,2.531745E-01,8.510618E-01,4.879708E+03,8.653692E+03,1.650108E-01,7.556185E-01
14:30:00,3.817123E+03,3.838298E+04,1.290805E-01,3.351598E+00,8.125438E+03,2.696803E+04,2.747713E-01,2.354844E+00,1.601478E+04,2.982228E+04,5.415586E-01,2.604071E+00,4.665557E+03,8.996704E+03,1.577701E-01,7.855688E-01,3.129227E+03,5.617046E+03,1.058176E-01,4.904653E-01,4.622627E+03,7.783254E+03,1.563184E-01,6.796175E-01,3.088829E+03,7.838516E+03,1.044515E-01,6.844464E-01,5.771172E+03,1.033805E+04,1.951567E-01,9.026859E-01,3.842773E+03,6.524419E+03,1.299463E-01,5.696911E-01,5.758051E+03,9.142520E+03,1.947130E-01,7.982999E-01,3.795974E+03,8.711219E+03,1.283638E-01,7.606429E-01,7.454041E+03,1.095948E+04,2.520638E-01,9.569453E-01,4.909793E+03,6.924710E+03,1.660281E-01,6.046419E-01,7.457902E+03,9.777709E+03,2.521944E-01,8.537607E-01,4.860772E+03,9.102242E+03,1.643704E-01,7.947835E-01
14:45:00,3.789747E+03,3.835339E+04,1.281548E-01,3.349014E+00,8.073501E+03,2.693383E+04,2.730150E-01,2.351857E+00,1.592458E+04,2.983743E+04,5.385085E-01,2.605394E+00,4.648431E+03,8.875771E+03,1.571910E-01,7.750089E-01,3.117875E+03,5.587821E+03,1.054338E-01,4.879136E-01,4.605925E+03,7.792235E+03,1.557536E-01,6.804014E-01,3.077547E+03,8.252427E+03,1.040701E-01,7.205865E-01,5.747694E+03,1.021583E+04,1.943628E-01,8.920137E-01,3.827485E+03,6.494338E+03,1.294293E-01,5.670646E-01,5.734909E+03,9.150424E+03,1.939304E-01,7.989898E-01,3.780717E+03,9.125467E+03,1.278478E-01,7.968125E-01,7.425563E+03,1.084894E+04,2.511008E-01,9.472934E-01,4.891456E+03,6.901835E+03,1.654080E-01,6.026445E-01,7.429827E+03,9.796944E+03,2.512450E-01,8.554400E-01,4.842437E+03,9.523393E+03,1.637504E-01,8.315557E-01
15:00:00,3.763077E+03,3.832417E+04,1.272529E-01,3.346463E+00,8.022728E+03,2.690017E+04,2.712981E-01,2.348918E+00,1.583679E+04,2.984766E+04,5.355399E-01,2.606287E+00,4.631921E+03,8.737810E+03,1.566326E-01,7.629623E-01,3.106935E+03,5.553688E+03,1.050638E-01,4.849331E-01,4.589821E+03,7.789856E+03,1.552090E-01,6.801935E-01,3.066675E+03,8.630054E+03,1.037024E-01,7.535582E-01,5.724943E+03,1.007656E+04,1.935934E-01,8.798532E-01,3.812675E+03,6.459148E+03,1.289285E-01,5.639919E-01,5.712479E+03,9.146783E+03,1.931719E-01,7.986718E-01,3.765937E+03,9.503200E+03,1.273481E-01,8.297934E-01,7.397976E+03,1.072010E+04,2.501679E-01,9.360428E-01,4.873696E+03,6.873008E+03,1.648075E-01,6.001274E-01,7.402625E+03,9.803316E+03,2.503251E-01,8.559961E-01,4.824680E+03,9.907274E+03,1.631499E-01,8.650734E-01
15:15:00,3.737089E+03,3.829456E+04,1.263741E-01,3.343877E+00,7.973080E+03,2.686630E+04,2.696192E-01,2.345962E+00,1.575133E+04,2.985202E+04,5.326498E-01,2.606668E+00,4.616000E+03,8.587088E+03,1.560943E-01,7.498014E-01,3.096390E+03,5.513195E+03,1.047072E-01,4.813974E-01,4.574289E+03,7.774473E+03,1.546838E-01,6.788500E-01,3.056195E+03,8.963326E+03,1.033480E-01,7.826566E-01,5.702891E+03,9.924459E+03,1.928477E-01,8.665720E-01,3.798325E+03,6.417372E+03,1.284433E-01,5.603441E-01,5.690733E+03,9.129906E+03,1.924366E-01,7.971979E-01,3.751616E+03,9.836196E+03,1.268638E-01,8.588679E-01,7.371244E+03,1.057705E+04,2.492639E-01,9.235523E-01,4.856490E+03,6.836701E+03,1.642256E-01,5.969572E-01,7.376260E+03,9.795055E+03,2.494335E-01,8.552745E-01,4.807476E+03,1.024558E+04,1.625682E-01,8.946113E-01
15:30:00,3.711760E+03,3.826375E+04,1.255176E-01,3.341188E+00,7.924519E+03,2.683145E+04,2.679770E-01,2.342918E+00,1.566810E+04,2.984946E+04,5.298354E-01,2.606444E+00,4.600645E+03,8.424675E+03,1.555750E-01,7.356197E-01,3.086223E+03,5.462887E+03,1.043634E-01,4.770046E-01,4.559306E+03,7.741520E+03,1.541771E-01,6.759724E-01,3.046090E+03,9.230169E+03,1.030063E-01,8.059548E-01,5.681512E+03,9.760555E+03,1.921248E-01,8.522603E-01,3.784417E+03,6.365266E+03,1.279730E-01,5.557944E-01,5.669646E+03,9.095159E+03,1.917235E-01,7.941637E-01,3.737736E+03,1.010257E+04,1.263944E-01,8.821253E-01,7.345334E+03,1.042076E+04,2.483878E-01,9.099053E-01,4.839818E+03,6.789376E+03,1.636619E-01,5.928248E-01,7.350700E+03,9.767458E+03,2.485692E-01,8.528646E-01,4.790806E+03,1.051639E+04,1.620045E-01,9.182559E-01
15:45:00,3.687066E+03,3.823095E+04,1.246825E-01,3.338323E+00,7.877010E+03,2.679481E+04,2.663704E-01,2.339719E+00,1.558704E+04,2.983890E+04,5.270942E-01,2.605522E+00,4.585833E+03,8.260321E+03,1.550742E-01,7.212687E-01,3.076420E+03,5.402621E+03,1.040319E-01,4.717423E-01,4.544850E+03,7.692204E+03,1.536883E-01,6.716659E-01,3.036345E+03,9.437875E+03,1.026768E-01,8.240892E-01,5.660779E+03,9.594513E+03,1.914237E-01,8.377620E-01,3.770934E+03,6.302933E+03,1.275170E-01,5.503516E-01,5.649191E+03,9.044046E+03,1.910318E-01,7.897003E-01,3.724279E+03,1.030959E+04,1.259393E-01,9.001993E-01,7.320216E+03,1.026077E+04,2.475384E-01,8.959349E-01,4.823658E+03,6.730618E+03,1.631154E-01,5.876942E-01,7.325915E+03,9.721967E+03,2.477311E-01,8.488921E-01,4.774648E+03,1.072680E+04,1.614581E-01,9.366268E-01
16:00:00,3.662987E+03,3.819580E+04,1.238683E-01,3.335254E+00,7.830519E+03,2.675604E+04,2.647983E-01,2.336334E+00,1.550806E+04,2.981984E+04,5.244235E-01,2.603857E+00,4.571542E+03,8.103299E+03,1.545909E-01,7.075580E-01,3.066964E+03,5.331921E+03,1.037122E-01,4.655689E-01,4.530899E+03,7.638269E+03,1.532165E-01,6.669562E-01,3.026946E+03,9.584063E+03,1.023589E-01,8.368521E-01,5.640669E+03,9.435571E+03,1.907436E-01,8.238837E-01,3.757860E+03,6.230147E+03,1.270749E-01,5.439961E-01,5.629346E+03,8.987800E+03,1.903607E-01,7.847889E-01,3.711230E+03,1.045504E+04,1.254981E-01,9.128981E-01,7.295858E+03,1.010623E+04,2.467147E-01,8.824417E-01,4.807992E+03,6.660384E+03,1.625856E-01,5.815615E-01,7.301875E+03,9.669737E+03,2.469182E-01,8.443313E-01,4.758982E+03,1.087464E+04,1.609283E-01,9.495341E-01
16:15:00,3.639503E+03,3.815841E+04,1.230741E-01,3.331989E+00,7.785014E+03,2.671522E+04,2.632595E-01,2.332769E+00,1.543110E+04,2.979198E+04,5.218209E-01,2.601424E+00,4.557750E+03,7.955784E+03,1.541245E-01,6.946776E-01,3.057842E+03,5.252367E+03,1.034037E-01,4.586223E-01,4.517433E+03,7.590542E+03,1.527611E-01,6.627886E-01,3.017878E+03,9.667040E+03,1.020523E-01,8.440959E-01,5.621158E+03,9.286028E+03,1.900838E-01,8.108262E-01,3.745180E+03,6.148340E+03,1.266461E-01,5.368529E-01,5.610088E+03,8.937584E+03,1.897095E-01,7.804039E-01,3.698574E+03,1.053733E+04,1.250701E-01,9.200825E-01,7.272233E+03,9.959475E+03,2.459158E-01,8.696274E-01,4.792800E+03,6.580126E+03,1.620719E-01,5.745535E-01,7.278553E+03,9.621880E+03,2.461295E-01,8.401524E-01,4.743791E+03,1.095829E+04,1.604146E-01,9.568365E-01
16:30:00,3.616595E+03,3.811915E+04,1.222995E-01,3.328561E+00,7.740463E+03,2.667267E+04,2.617529E-01,2.329054E+00,1.535608E+04,2.975541E+04,5.192841E-01,2.598231E+00,4.544437E+03,7.818669E+03,1.536743E-01,6.827053E-01,3.049041E+03,5.166290E+03,1.031061E-01,4.511062E-01,4.504432E+03,7.558792E+03,1.523215E-01,6.600163E-01,3.009128E+03,9.698765E+03,1.017564E-01,8.468645E-01,5.602223E+03,9.146774E+03,1.894436E-01,7.986673E-01,3.732879E+03,6.060123E+03,1.262302E-01,5.291500E-01,5.591394E+03,8.903119E+03,1.890774E-01,7.773946E-01,3.686295E+03,1.056842E+04,1.246549E-01,9.227952E-01,7.249312E+03,9.821343E+03,2.451407E-01,8.575664E-01,4.778064E+03,6.492183E+03,1.615736E-01,5.668746E-01,7.255921E+03,9.588077E+03,2.453642E-01,8.372008E-01,4.729057E+03,1.098962E+04,1.599164E-01,9.595711E-01
16:45:00,3.594243E+03,3.807833E+04,1.215436E-01,3.324996E+00,7.696837E+03,2.662867E+04,2.602777E-01,2.325212E+00,1.528295E+04,2.971003E+04,5.168109E-01,2.594269E+00,4.531586E+03,7.682643E+03,1.532397E-01,6.708282E-01,3.040548E+03,5.072798E+03,1.028189E-01,4.429427E-01,4.491878E+03,7.545055E+03,1.518970E-01,6.588170E-01,3.000684E+03,9.662430E+03,1.014709E-01,8.436908E-01,5.583845E+03,9.008537E+03,1.888221E-01,7.865971E-01,3.720942E+03,5.964353E+03,1.258265E-01,5.207876E-01,5.573244E+03,8.886499E+03,1.884636E-01,7.759436E-01,3.674380E+03,1.053163E+04,1.242520E-01,9.195821E-01,7.227071E+03,9.682557E+03,2.443886E-01,8.454484E-01,4.763768E+03,6.395846E+03,1.610902E-01,5.584628E-01,7.233955E+03,9.570315E+03,2.446214E-01,8.356501E-01,4.714761E+03,1.095204E+04,1.594330E-01,9.562885E-01
17:00:00,3.572814E+03,3.803643E+04,1.208190E-01,3.321338E+00,7.654786E+03,2.658367E+04,2.588557E-01,2.321282E+00,1.521261E+04,2.965631E+04,5.144325E-01,2.589578E+00,4.519305E+03,7.537343E+03,1.528244E-01,6.581413E-01,3.032432E+03,4.983266E+03,1.025444E-01,4.351250E-01,4.479882E+03,7.538343E+03,1.514913E-01,6.582313E-01,2.992615E+03,9.548011E+03,1.011980E-01,8.336992E-01,5.566188E+03,8.860966E+03,1.882250E-01,7.737120E-01,3.709477E+03,5.872569E+03,1.254388E-01,5.127733E-01,5.555806E+03,8.877170E+03,1.878739E-01,7.751293E-01,3.662935E+03,1.041651E+04,1.238649E-01,9.095293E-01,7.205703E+03,9.532814E+03,2.436660E-01,8.323735E-01,4.750035E+03,6.302595E+03,1.606258E-01,5.503204E-01,7.212848E+03,9.558121E+03,2.439076E-01,8.345856E-01,4.701028E+03,1.083502E+04,1.589686E-01,9.460702E-01
17:15:00,3.552158E+03,3.799478E+04,1.201204E-01,3.317702E+00,7.614031E+03,2.653895E+04,2.574775E-01,2.317378E+00,1.514465E+04,2.959565E+04,5.121343E-01,2.584280E+00,4.507535E+03,7.380815E+03,1.524264E-01,6.444737E-01,3.024656E+03,4.889401E+03,1.022815E-01,4.269290E-01,4.468384E+03,7.528886E+03,1.511025E-01,6.574058E-01,2.984884E+03,9.347002E+03,1.009366E-01,8.161467E-01,5.549172E+03,8.702162E+03,1.876496E-01,7.598458E-01,3.698429E+03,5.776501E+03,1.250652E-01,5.043851E-01,5.538997E+03,8.865138E+03,1.873055E-01,7.740790E-01,3.651907E+03,1.021403E+04,1.234920E-01,8.918489E-01,7.185116E+03,9.370270E+03,2.429699E-01,8.181808E-01,4.736805E+03,6.204085E+03,1.601784E-01,5.417189E-01,7.192509E+03,9.541536E+03,2.432199E-01,8.331376E-01,4.687799E+03,1.062958E+04,1.585212E-01,9.281307E-01
17:30:00,3.532113E+03,3.795453E+04,1.194426E-01,3.314187E+00,7.574291E+03,2.649544E+04,2.561337E-01,2.313579E+00,1.507865E+04,2.952870E+04,5.099025E-01,2.578435E+00,4.496209E+03,7.225555E+03,1.520434E-01,6.309168E-01,3.017176E+03,4.784661E+03,1.020286E-01,4.177835E-01,4.457319E+03,7.488400E+03,1.507283E-01,6.538708E-01,2.977447E+03,9.020115E+03,1.006851E-01,7.876031E-01,5.532706E+03,8.525350E+03,1.870928E-01,7.444072E-01,3.687743E+03,5.668851E+03,1.247039E-01,4.949855E-01,5.522730E+03,8.822158E+03,1.867554E-01,7.703262E-01,3.641239E+03,9.885138E+03,1.231313E-01,8.631302E-01,7.165209E+03,9.187727E+03,2.422967E-01,8.022418E-01,4.724016E+03,6.092406E+03,1.597459E-01,5.319675E-01,7.172838E+03,9.492358E+03,2.425547E-01,8.288436E-01,4.675009E+03,1.029679E+04,1.580887E-01,8.990723E-01
17:45:00,3.512622E+03,3.791564E+04,1.187835E-01,3.310791E+00,7.535474E+03,2.645290E+04,2.548210E-01,2.309864E+00,1.501447E+04,2.945570E+04,5.077321E-01,2.572060E+00,4.485297E+03,7.064317E+03,1.516744E-01,6.168380E-01,3.009973E+03,4.684623E+03,1.017850E-01,4.090484E-01,4.446656E+03,7.416465E+03,1.503677E-01,6.475894E-01,2.970285E+03,8.604584E+03,1.004429E-01,7.513193E-01,5.516751E+03,8.355428E+03,1.865532E-01,7.295700E-01,3.677392E+03,5.553945E+03,1.243538E-01,4.849523E-01,5.506964E+03,8.747352E+03,1.862223E-01,7.637941E-01,3.630906E+03,9.466924E+03,1.227819E-01,8.266123E-01,7.145935E+03,9.010789E+03,2.416449E-01,7.867920E-01,4.711636E+03,5.972684E+03,1.593273E-01,5.215138E-01,7.153789E+03,9.409801E+03,2.419105E-01,8.216348E-01,4.662630E+03,9.873651E+03,1.576701E-01,8.621243E-01
18:00:00,3.493263E+03,3.787621E+04,1.181288E-01,3.307348E+00,7.496840E+03,2.640968E+04,2.535145E-01,2.306090E+00,1.495102E+04,2.937512E+04,5.055863E-01,2.565023E+00,4.474648E+03,6.893999E+03,1.513143E-01,6.019663E-01,3.002947E+03,4.570470E+03,1.015474E-01,3.990810E-01,4.436245E+03,7.301727E+03,1.500157E-01,6.375702E-01,2.963298E+03,8.111748E+03,1.002066E-01,7.082857E-01,5.501092E+03,8.180184E+03,1.860237E-01,7.142683E-01,3.667239E+03,5.432394E+03,1.240105E-01,4.743388E-01,5.491484E+03,8.629401E+03,1.856988E-01,7.534946E-01,3.620770E+03,8.971499E+03,1.224391E-01,7.833529E-01,7.127039E+03,8.826947E+03,2.410060E-01,7.707396E-01,4.699504E+03,5.845246E+03,1.589170E-01,5.103863E-01,7.135108E+03,9.282620E+03,2.412788E-01,8.105293E-01,4.650498E+03,9.372421E+03,1.572598E-01,8.183581E-01
18:15:00,3.474141E+03,3.783163E+04,1.174822E-01,3.303456E+00,7.458599E+03,2.636147E+04,2.522214E-01,2.301881E+00,1.488857E+04,2.928267E+04,5.034747E-01,2.556951E+00,4.514773E+03,6.731004E+03,1.526712E-01,5.877341E-01,3.029773E+03,4.446924E+03,1.024545E-01,3.882932E-01,4.476598E+03,7.128884E+03,1.513802E-01,6.224774E-01,2.990162E+03,7.551379E+03,1.011150E-01,6.593557E-01,5.564893E+03,8.012821E+03,1.881812E-01,6.996548E-01,3.710057E+03,5.303486E+03,1.254584E-01,4.630830E-01,5.555455E+03,8.452764E+03,1.878620E-01,7.380706E-01,3.663604E+03,8.409577E+03,1.238876E-01,7.342875E-01,7.203708E+03,8.649463E+03,2.435985E-01,7.552424E-01,4.751075E+03,5.709314E+03,1.606609E-01,4.985172E-01,7.211981E+03,9.095320E+03,2.438783E-01,7.941743E-01,4.702068E+03,8.803875E+03,1.590037E-01,7.687145E-01
18:30:00,3.456415E+03,3.777675E+04,1.168828E-01,3.298664E+00,7.422559E+03,2.630340E+04,2.510026E-01,2.296810E+00,1.482909E+04,2.917389E+04,5.014634E-01,2.547452E+00,4.555431E+03,6.548647E+03,1.540460E-01,5.718113E-01,3.056943E+03,4.331195E+03,1.033733E-01,3.781880E-01,4.517464E+03,6.923222E+03,1.527622E-01,6.045187E-01,3.017368E+03,6.952151E+03,1.020350E-01,6.070328E-01,5.629406E+03,7.845146E+03,1.903627E-01,6.850142E-01,3.753330E+03,5.183271E+03,1.269217E-01,4.525862E-01,5.620120E+03,8.244003E+03,1.900487E-01,7.198415E-01,3.706893E+03,7.810001E+03,1.253514E-01,6.819344E-01,7.281213E+03,8.470443E+03,2.462194E-01,7.396112E-01,4.803182E+03,5.581664E+03,1.624229E-01,4.873713E-01,7.289679E+03,8.875071E+03,2.465057E-01,7.749421E-01,4.754175E+03,8.196995E+03,1.607657E-01,7.157239E-01
18:45:00,3.440960E+03,3.770838E+04,1.163602E-01,3.292693E+00,7.390019E+03,2.623246E+04,2.499023E-01,2.290616E+00,1.477394E+04,2.904585E+04,4.995982E-01,2.536272E+00,4.596836E+03,6.371580E+03,1.554461E-01,5.563502E-01,3.084593E+03,4.202258E+03,1.043082E-01,3.669296E-01,4.559059E+03,6.662363E+03,1.541686E-01,5.817404E-01,3.045054E+03,6.309879E+03,1.029711E-01,5.509518E-01,5.694956E+03,7.669942E+03,1.925791E-01,6.697161E-01,3.797266E+03,5.061518E+03,1.284072E-01,4.419553E-01,5.685805E+03,7.979437E+03,1.922696E-01,6.967398E-01,3.750845E+03,7.168833E+03,1.268375E-01,6.259501E-01,7.359924E+03,8.282214E+03,2.488806E-01,7.231758E-01,4.856062E+03,5.451244E+03,1.642108E-01,4.759835E-01,7.368575E+03,8.597793E+03,2.491731E-01,7.507306E-01,4.807053E+03,7.548224E+03,1.625535E-01,6.590757E-01
19:00:00,3.427394E+03,3.762613E+04,1.159014E-01,3.285511E+00,7.360349E+03,2.614792E+04,2.488989E-01,2.283233E+00,1.472262E+04,2.889797E+04,4.978630E-01,2.523358E+00,4.638923E+03,6.197496E+03,1.568690E-01,5.411498E-01,3.112686E+03,4.069747E+03,1.052580E-01,3.553591E-01,4.601324E+03,6.372995E+03,1.555976E-01,5.564729E-01,3.073180E+03,5.681085E+03,1.039221E-01,4.960477E-01,5.761439E+03,7.493395E+03,1.948266E-01,6.543007E-01,3.841802E+03,4.927831E+03,1.299128E-01,4.302822E-01,5.752415E+03,7.685459E+03,1.945215E-01,6.710699E-01,3.795396E+03,6.540864E+03,1.283436E-01,5.711183E-01,7.439754E+03,8.091164E+03,2.515791E-01,7.064941E-01,4.909662E+03,5.307820E+03,1.660226E-01,4.634603E-01,7.448587E+03,8.289636E+03,2.518778E-01,7.238228E-01,4.860651E+03,6.911867E+03,1.643652E-01,6.035117E-01
19:15:00,3.414948E+03,3.753382E+04,1.154805E-01,3.277451E+00,7.332404E+03,2.605313E+04,2.479539E-01,2.274956E+00,1.467427E+04,2.873464E+04,4.962277E-01,2.509097E+00,4.631039E+03,6.024444E+03,1.566020E-01,5.260395E-01,3.107458E+03,3.949067E+03,1.050809E-01,3.448217E-01,4.593610E+03,6.107958E+03,1.553363E-01,5.333300E-01,3.067985E+03,5.145196E+03,1.037461E-01,4.492559E-01,5.749490E+03,7.316763E+03,1.944217E-01,6.388777E-01,3.834039E+03,4.803531E+03,1.296497E-01,4.194288E-01,5.740590E+03,7.415698E+03,1.941207E-01,6.475147E-01,3.787648E+03,6.005062E+03,1.280809E-01,5.243343E-01,7.425358E+03,7.898744E+03,2.510907E-01,6.896927E-01,4.900424E+03,5.173117E+03,1.657091E-01,4.516986E-01,7.434370E+03,8.004492E+03,2.513955E-01,6.989245E-01,4.851411E+03,6.366922E+03,1.640517E-01,5.559294E-01
19:30:00,3.402218E+03,3.743836E+04,1.150500E-01,3.269115E+00,7.304087E+03,2.595472E+04,2.469964E-01,2.266362E+00,1.462678E+04,2.856423E+04,4.946219E-01,2.494217E+00,4.623363E+03,5.878315E+03,1.563419E-01,5.132800E-01,3.102377E+03,3.837832E+03,1.049087E-01,3.351092E-01,4.586105E+03,5.879597E+03,1.550820E-01,5.133901E-01,3.062935E+03,4.749188E+03,1.035750E-01,4.146785E-01,5.737780E+03,7.166882E+03,1.940246E-01,6.257908E-01,3.826443E+03,4.688322E+03,1.293921E-01,4.093692E-01,5.729010E+03,7.181626E+03,1.937281E-01,6.270764E-01,3.780065E+03,5.607989E+03,1.278238E-01,4.896642E-01,7.411403E+03,7.732371E+03,2.506170E-01,6.751657E-01,4.891476E+03,5.047026E+03,1.654053E-01,4.406888E-01,7.420593E+03,7.753689E+03,2.509278E-01,6.770253E-01,4.842461E+03,5.960002E+03,1.637478E-01,5.203997E-01
19:45:00,3.388304E+03,3.734652E+04,1.145795E-01,3.261096E+00,7.274101E+03,2.585925E+04,2.459824E-01,2.258026E+00,1.457868E+04,2.839595E+04,4.929954E-01,2.479522E+00,4.615651E+03,5.746752E+03,1.560806E-01,5.017927E-01,3.097286E+03,3.745081E+03,1.047362E-01,3.270106E-01,4.578566E+03,5.712761E+03,1.548266E-01,4.988229E-01,3.057874E+03,4.485998E+03,1.034035E-01,3.916991E-01,5.725957E+03,7.031091E+03,1.936238E-01,6.139343E-01,3.818788E+03,4.591708E+03,1.291325E-01,4.009334E-01,5.717321E+03,7.009460E+03,1.933318E-01,6.120439E-01,3.772421E+03,5.342465E+03,1.275646E-01,4.664811E-01,7.397466E+03,7.579771E+03,2.501441E-01,6.618415E-01,4.882545E+03,4.939494E+03,1.651021E-01,4.312997E-01,7.406829E+03,7.564421E+03,2.504607E-01,6.604996E-01,4.833527E+03,5.684062E+03,1.634446E-01,4.963071E-01
20:00:00,3.373590E+03,3.726280E+04,1.140819E-01,3.253786E+00,7.243087E+03,2.577109E+04,2.449336E-01,2.250328E+00,1.453030E+04,2.823660E+04,4.913593E-01,2.465608E+00,4.607945E+03,5.639057E+03,1.558196E-01,4.923894E-01,3.092209E+03,3.670952E+03,1.045642E-01,3.205381E-01,4.571028E+03,5.595328E+03,1.545713E-01,4.885698E-01,3.052824E+03,4.316019E+03,1.032324E-01,3.768589E-01,5.714099E+03,6.919227E+03,1.932221E-01,6.041670E-01,3.811119E+03,4.514004E+03,1.288726E-01,3.941489E-01,5.705595E+03,6.887368E+03,1.929345E-01,6.013841E-01,3.764763E+03,5.170110E+03,1.273051E-01,4.514334E-01,7.383573E+03,7.451463E+03,2.496732E-01,6.506384E-01,4.873645E+03,4.851200E+03,1.648004E-01,4.235906E-01,7.393100E+03,7.425595E+03,2.499953E-01,6.483787E-01,4.824625E+03,5.501442E+03,1.631428E-01,4.803631E-01
20:15:00,3.358796E+03,3.718851E+04,1.135817E-01,3.247299E+00,7.212123E+03,2.569155E+04,2.438865E-01,2.243383E+00,1.448235E+04,2.808910E+04,4.897380E-01,2.452729E+00,4.600379E+03,5.547352E+03,1.555634E-01,4.843825E-01,3.087228E+03,3.607681E+03,1.043956E-01,3.150139E-01,4.563622E+03,5.498222E+03,1.543205E-01,4.800918E-01,3.047870E+03,4.180504E+03,1.030647E-01,3.650277E-01,5.702409E+03,6.823453E+03,1.928262E-01,5.958048E-01,3.803561E+03,4.447273E+03,1.286167E-01,3.883225E-01,5.694027E+03,6.785880E+03,1.925428E-01,5.925234E-01,3.757215E+03,5.032267E+03,1.270495E-01,4.393991E-01,7.369868E+03,7.339983E+03,2.492090E-01,6.409049E-01,4.864867E+03,4.774373E+03,1.645030E-01,4.168826E-01,7.379550E+03,7.308142E+03,2.495363E-01,6.381240E-01,4.815844E+03,5.353836E+03,1.628454E-01,4.674762E-01
20:30:00,3.344232E+03,3.712247E+04,1.130892E-01,3.241533E+00,7.181630E+03,2.561950E+04,2.428553E-01,2.237092E+00,1.443512E+04,2.795356E+04,4.881406E-01,2.440894E+00,4.593014E+03,5.463229E+03,1.553142E-01,4.770376E-01,3.082381E+03,3.549426E+03,1.042315E-01,3.099277E-01,4.556408E+03,5.410167E+03,1.540763E-01,4.724039E-01,3.043049E+03,4.063754E+03,1.029015E-01,3.548347E-01,5.690971E+03,6.735183E+03,1.924391E-01,5.880979E-01,3.796168E+03,4.385526E+03,1.283664E-01,3.829313E-01,5.682705E+03,6.693406E+03,1.921595E-01,5.844497E-01,3.749833E+03,4.913161E+03,1.267996E-01,4.290003E-01,7.356411E+03,7.236974E+03,2.487535E-01,6.319109E-01,4.856249E+03,4.703155E+03,1.642113E-01,4.106645E-01,7.366239E+03,7.200676E+03,2.490858E-01,6.287412E-01,4.807224E+03,5.225559E+03,1.625536E-01,4.562768E-01
20:45:00,3.329902E+03,3.706255E+04,1.126046E-01,3.236301E+00,7.151584E+03,2.555285E+04,2.418393E-01,2.231273E+00,1.438862E+04,2.782737E+04,4.865682E-01,2.429876E+00,4.585851E+03,5.384831E+03,1.550718E-01,4.701924E-01,3.077669E+03,3.494949E+03,1.040721E-01,3.051711E-01,4.549389E+03,5.328895E+03,1.538388E-01,4.653080E-01,3.038361E+03,3.961043E+03,1.027429E-01,3.458671E-01,5.679784E+03,6.652557E+03,1.920605E-01,5.808836E-01,3.788940E+03,4.327511E+03,1.281218E-01,3.778659E-01,5.671628E+03,6.607677E+03,1.917847E-01,5.769646E-01,3.742615E+03,4.807993E+03,1.265554E-01,4.198180E-01,7.343216E+03,7.140520E+03,2.483070E-01,6.234892E-01,4.847800E+03,4.636256E+03,1.639255E-01,4.048233E-01,7.353181E+03,7.100885E+03,2.486440E-01,6.200283E-01,4.798774E+03,5.111800E+03,1.622677E-01,4.463444E-01
21:00:00,3.315779E+03,3.700722E+04,1.121270E-01,3.231470E+00,7.121934E+03,2.549014E+04,2.408367E-01,2.225797E+00,1.434289E+04,2.770860E+04,4.850220E-01,2.419505E+00,4.578880E+03,5.311436E+03,1.548359E-01,4.637840E-01,3.073086E+03,3.443798E+03,1.039170E-01,3.007049E-01,4.542556E+03,5.253477E+03,1.536076E-01,4.587232E-01,3.033802E+03,3.869535E+03,1.025886E-01,3.378773E-01,5.668838E+03,6.574872E+03,1.916902E-01,5.741006E-01,3.781870E+03,4.272793E+03,1.278826E-01,3.730883E-01,5.660785E+03,6.527778E+03,1.914179E-01,5.699884E-01,3.735554E+03,4.713919E+03,1.263165E-01,4.116043E-01,7.330293E+03,7.049829E+03,2.478698E-01,6.155707E-01,4.839529E+03,4.573183E+03,1.636457E-01,3.993163E-01,7.340390E+03,7.007770E+03,2.482112E-01,6.118982E-01,4.790500E+03,5.009658E+03,1.619878E-01,4.374262E-01
21:15:00,3.301878E+03,3.695544E+04,1.116569E-01,3.226949E+00,7.092701E+03,2.543039E+04,2.398481E-01,2.220580E+00,1.429799E+04,2.759578E+04,4.835035E-01,2.409655E+00,4.572102E+03,5.241229E+03,1.546066E-01,4.576540E-01,3.068632E+03,3.394808E+03,1.037663E-01,2.964274E-01,4.535908E+03,5.181963E+03,1.533827E-01,4.524790E-01,3.029370E+03,3.786319E+03,1.024387E-01,3.306115E-01,5.658135E+03,6.500243E+03,1.913281E-01,5.675844E-01,3.774960E+03,4.220162E+03,1.276489E-01,3.684928E-01,5.650180E+03,6.451678E+03,1.910591E-01,5.633439E-01,3.728652E+03,4.627982E+03,1.260830E-01,4.041009E-01,7.317654E+03,6.962890E+03,2.474423E-01,6.079796E-01,4.831440E+03,4.512644E+03,1.633721E-01,3.940303E-01,7.327874E+03,6.919170E+03,2.477879E-01,6.041621E-01,4.782409E+03,4.916091E+03,1.617141E-01,4.292565E-01
21:30:00,3.288225E+03,3.690626E+04,1.111952E-01,3.222655E+00,7.063918E+03,2.537270E+04,2.388748E-01,2.215542E+00,1.425393E+04,2.748710E+04,4.820135E-01,2.400165E+00,4.565518E+03,5.173650E+03,1.543839E-01,4.517534E-01,3.064307E+03,3.347631E+03,1.036200E-01,2.923082E-01,4.529448E+03,5.113672E+03,1.531642E-01,4.465162E-01,3.025067E+03,3.709740E+03,1.022931E-01,3.239252E-01,5.647679E+03,6.428100E+03,1.909745E-01,5.612853E-01,3.768211E+03,4.169269E+03,1.274206E-01,3.640491E-01,5.639817E+03,6.378684E+03,1.907086E-01,5.569704E-01,3.721912E+03,4.548523E+03,1.258550E-01,3.971631E-01,7.305302E+03,6.878948E+03,2.470245E-01,6.006503E-01,4.823537E+03,4.454178E+03,1.631048E-01,3.889254E-01,7.315638E+03,6.834208E+03,2.473741E-01,5.967437E-01,4.774503E+03,4.829320E+03,1.614467E-01,4.216803E-01
21:45:00,3.274827E+03,3.685922E+04,1.107422E-01,3.218548E+00,7.035592E+03,2.531662E+04,2.379169E-01,2.210646E+00,1.421071E+04,2.738193E+04,4.805520E-01,2.390982E+00,4.559125E+03,5.108360E+03,1.541676E-01,4.460526E-01,3.060110E+03,3.302054E+03,1.034780E-01,2.883286E-01,4.523174E+03,5.048168E+03,1.529519E-01,4.407968E-01,3.020890E+03,3.638632E+03,1.021518E-01,3.177165E-01,5.637468E+03,6.358110E+03,1.906291E-01,5.551741E-01,3.761623E+03,4.119905E+03,1.271978E-01,3.597389E-01,5.629694E+03,6.308360E+03,1.903662E-01,5.508301E-01,3.715331E+03,4.474379E+03,1.256325E-01,3.906894E-01,7.293236E+03,6.797614E+03,2.466165E-01,5.935486E-01,4.815819E+03,4.397535E+03,1.628437E-01,3.839796E-01,7.303683E+03,6.752384E+03,2.469697E-01,5.895993E-01,4.766782E+03,4.748145E+03,1.611856E-01,4.145926E-01
22:00:00,3.261683E+03,3.681398E+04,1.102977E-01,3.214598E+00,7.007717E+03,2.526189E+04,2.369743E-01,2.205868E+00,1.416833E+04,2.727972E+04,4.791190E-01,2.382057E+00,4.552919E+03,5.045086E+03,1.539577E-01,4.405278E-01,3.056037E+03,3.257902E+03,1.033403E-01,2.844735E-01,4.517081E+03,4.985094E+03,1.527459E-01,4.352895E-01,3.016836E+03,3.572090E+03,1.020147E-01,3.119065E-01,5.627499E+03,6.290010E+03,1.902919E-01,5.492279E-01,3.755193E+03,4.071903E+03,1.269803E-01,3.555476E-01,5.619807E+03,6.240350E+03,1.900318E-01,5.448918E-01,3.708908E+03,4.404653E+03,1.254152E-01,3.846013E-01,7.281453E+03,6.718559E+03,2.462180E-01,5.866459E-01,4.808283E+03,4.342510E+03,1.625889E-01,3.791751E-01,7.292005E+03,6.673279E+03,2.465748E-01,5.826923E-01,4.759245E+03,4.671625E+03,1.609307E-01,4.079114E-01
22:15:00,2.441349E+03,2.995773E+04,8.255711E-02,2.576237E+00,5.245364E+03,1.906371E+04,1.773782E-01,1.662346E+00,1.061041E+04,2.078192E+04,3.588036E-01,1.808652E+00,3.412374E+03,3.760234E+03,1.153900E-01,3.283369E-01,2.290509E+03,2.426972E+03,7.745383E-02,2.119184E-01,3.385537E+03,3.715347E+03,1.144825E-01,3.244175E-01,2.261115E+03,2.654462E+03,7.645990E-02,2.317814E-01,4.216901E+03,4.730306E+03,1.425930E-01,4.123955E-01,2.813993E+03,3.062241E+03,9.515403E-02,2.669471E-01,4.211163E+03,4.688670E+03,1.423990E-01,4.088316E-01,2.779283E+03,3.333761E+03,9.398031E-02,2.901565E-01,5.456690E+03,5.087418E+03,1.845147E-01,4.429058E-01,3.603399E+03,3.289096E+03,1.218465E-01,2.863103E-01,5.464642E+03,5.047587E+03,1.847836E-01,4.395204E-01,3.566618E+03,3.566387E+03,1.206028E-01,3.098801E-01
22:30:00,1.624332E+03,2.456226E+04,5.492873E-02,2.040595E+00,3.490034E+03,1.370296E+04,1.180196E-01,1.178274E+00,7.063188E+03,1.499522E+04,2.388501E-01,1.285766E+00,2.273403E+03,2.578547E+03,7.687550E-02,2.236918E-01,1.526013E+03,1.663698E+03,5.160232E-02,1.443202E-01,2.255539E+03,2.538469E+03,7.627142E-02,2.203753E-01,1.506423E+03,1.837773E+03,5.093986E-02,1.590943E-01,2.808824E+03,3.364980E+03,9.497941E-02,2.895376E-01,1.874421E+03,2.175746E+03,6.338276E-02,1.872263E-01,2.805019E+03,3.332046E+03,9.485073E-02,2.867918E-01,1.851282E+03,2.364697E+03,6.260033E-02,2.031861E-01,3.634906E+03,3.637670E+03,1.229122E-01,3.123263E-01,2.400420E+03,2.347673E+03,8.116860E-02,2.015947E-01,3.640233E+03,3.607421E+03,1.230923E-01,3.098046E-01,2.375899E+03,2.565199E+03,8.033944E-02,2.195720E-01
22:45:00,8.105703E+02,1.988044E+04,2.741040E-02,1.555268E+00,1.741616E+03,8.901721E+03,5.889481E-02,7.337331E-01,3.526453E+03,1.005083E+04,1.192512E-01,8.228649E-01,1.135960E+03,1.465867E+03,3.841268E-02,1.242822E-01,7.625204E+02,9.437422E+02,2.578471E-02,8.002792E-02,1.127041E+03,1.429982E+03,3.811108E-02,1.215188E-01,7.527273E+02,1.076284E+03,2.545356E-02,9.056285E-02,1.403210E+03,2.121204E+03,4.744906E-02,1.755602E-01,9.364354E+02,1.371466E+03,3.166518E-02,1.135144E-01,1.401317E+03,2.094169E+03,4.738504E-02,1.734374E-01,9.248669E+02,1.526050E+03,3.127399E-02,1.257113E-01,1.816033E+03,2.357743E+03,6.140806E-02,1.940379E-01,1.199302E+03,1.520668E+03,4.055360E-02,1.251678E-01,1.818708E+03,2.330942E+03,6.149852E-02,1.919483E-01,1.187041E+03,1.707117E+03,4.013901E-02,1.396227E-01
23:00:00,0.000000E+00,1.548624E+04,0.000000E+00,1.090367E+00,0.000000E+00,4.581167E+03,0.000000E+00,3.230065E-01,0.000000E+00,5.576394E+03,0.000000E+00,3.930579E-01,0.000000E+00,4.598190E+02,0.000000E+00,3.250923E-02,0.000000E+00,2.908351E+02,0.000000E+00,2.055676E-02,0.000000E+00,4.308856E+02,0.000000E+00,3.048586E-02,0.000000E+00,3.943047E+02,0.000000E+00,2.784194E-02,0.000000E+00,9.914147E+02,0.000000E+00,6.983329E-02,0.000000E+00,6.408669E+02,0.000000E+00,4.515032E-02,0.000000E+00,9.687113E+02,0.000000E+00,6.822303E-02,0.000000E+00,7.672243E+02,0.000000E+00,5.407550E-02,0.000000E+00,1.197779E+03,0.000000E+00,8.444063E-02,0.000000E+00,7.716385E+02,0.000000E+00,5.440433E-02,0.000000E+00,1.174371E+03,0.000000E+00,8.277982E-02,0.000000E+00,9.295545E+02,0.000000E+00,6.557997E-02
23:15:00,0.000000E+00,1.812408E+04,0.000000E+00,1.275639E+00,0.000000E+00,6.454620E+03,0.000000E+00,4.548198E-01,0.000000E+00,7.589696E+03,0.000000E+00,5.346670E-01,0.000000E+00,7.252115E+02,0.000000E+00,5.118695E-02,0.000000E+00,4.589562E+02,0.000000E+00,3.238873E-02,0.000000E+00,6.918048E+02,0.000000E+00,4.884872E-02,0.000000E+00,5.909144E+02,0.000000E+00,4.167882E-02,0.000000E+00,1.392805E+03,0.000000E+00,9.807779E-02,0.000000E+00,8.986371E+02,0.000000E+00,6.328682E-02,0.000000E+00,1.366383E+03,0.000000E+00,9.620974E-02,0.000000E+00,1.041142E+03,0.000000E+00,7.334066E-02,0.000000E+00,1.633338E+03,0.000000E+00,1.150864E-01,1.559906E+01,1.050185E+03,4.459579E-04,7.399804E-02,0.000000E+00,1.608021E+03,0.000000E+00,1.132984E-01,1.811065E+00,1.216557E+03,5.183988E-05,8.576205E-02
23:30:00,0.000000E+00,1.939043E+04,0.000000E+00,1.364670E+00,0.000000E+00,7.636970E+03,0.000000E+00,5.377166E-01,0.000000E+00,9.041728E+03,0.000000E+00,6.367388E-01,0.000000E+00,9.080725E+02,0.000000E+00,6.404224E-02,0.000000E+00,5.735993E+02,0.000000E+00,4.045095E-02,0.000000E+00,8.764298E+02,0.000000E+00,6.181933E-02,0.000000E+00,7.143552E+02,0.000000E+00,5.032100E-02,0.000000E+00,1.643943E+03,0.000000E+00,1.157447E-01,0.000000E+00,1.062459E+03,0.000000E+00,7.480541E-02,0.000000E+00,1.613306E+03,0.000000E+00,1.135860E-01,0.000000E+00,1.246992E+03,0.000000E+00,8.780937E-02,8.981804E+01,1.933982E+03,2.565160E-03,1.361808E-01,1.141543E+02,1.247393E+03,3.255560E-03,8.783540E-02,9.113322E+01,1.902836E+03,2.602346E-03,1.339862E-01,8.800084E+01,1.434002E+03,2.508925E-03,1.009794E-01
23:45:00,0.000000E+00,2.001759E+04,0.000000E+00,1.408809E+00,0.000000E+00,8.342612E+03,0.000000E+00,5.871376E-01,0.000000E+00,9.744609E+03,0.000000E+00,6.858078E-01,0.000000E+00,1.051827E+03,0.000000E+00,7.402974E-02,0.000000E+00,6.648955E+02,0.000000E+00,4.679651E-02,0.000000E+00,1.022863E+03,0.000000E+00,7.199121E-02,0.000000E+00,8.054407E+02,0.000000E+00,5.668674E-02,0.000000E+00,1.804274E+03,0.000000E+00,1.269786E-01,0.000000E+00,1.164704E+03,0.000000E+00,8.196773E-02,0.000000E+00,1.772245E+03,0.000000E+00,1.247245E-01,0.000000E+00,1.347025E+03,0.000000E+00,9.479882E-02,1.993871E+02,2.098011E+03,5.688740E-03,1.476504E-01,2.062558E+02,1.352260E+03,5.881147E-03,9.516700E-02,2.039810E+02,2.067254E+03,5.819393E-03,1.454858E-01,1.715832E+02,1.534169E+03,4.891653E-03,1.079690E-01
24:00:00,0.000000E+00,2.042373E+04,0.000000E+00,1.437386E+00,0.000000E+00,8.638774E+03,0.000000E+00,6.079795E-01,0.000000E+00,1.005764E+04,0.000000E+00,7.078360E-01,0.000000E+00,1.110557E+03,0.000000E+00,7.815762E-02,0.000000E+00,7.038138E+02,0.000000E+00,4.953218E-02,0.000000E+00,1.081261E+03,0.000000E+00,7.609580E-02,0.000000E+00,8.355069E+02,0.000000E+00,5.880021E-02,0.000000E+00,1.876717E+03,0.000000E+00,1.320762E-01,0.000000E+00,1.210794E+03,0.000000E+00,8.521093E-02,0.000000E+00,1.844866E+03,0.000000E+00,1.298347E-01,0.000000E+00,1.387989E+03,0.000000E+00,9.768111E-02,3.521710E+02,2.170082E+03,1.004424E-02,1.527214E-01,3.382856E+02,1.397820E+03,9.644989E-03,9.837265E-02,3.617062E+02,2.139824E+03,1.031576E-02,1.505921E-01,2.927335E+02,1.575820E+03,8.345354E-03,1.108994E-01
Peak,5.732946E+03,4.185535E+04,1.939944E-01,3.615216E+00,1.148439E+04,3.046890E+04,3.843690E-01,2.629854E+00,2.194291E+04,3.140586E+04,7.371286E-01,2.710987E+00,6.139046E+03,9.245066E+03,2.064325E-01,8.072572E-01,4.122271E+03,9.188156E+03,1.386397E-01,8.022806E-01,6.071394E+03,7.792235E+03,2.041510E-01,6.804014E-01,4.076552E+03,9.698765E+03,1.370976E-01,8.468645E-01,7.579920E+03,1.059122E+04,2.550235E-01,9.247944E-01,5.040663E+03,1.012402E+04,1.696116E-01,8.839928E-01,7.547265E+03,9.150424E+03,2.539223E-01,7.989898E-01,4.991452E+03,1.056842E+04,1.679515E-01,9.227952E-01,9.634843E+03,1.115552E+04,3.243303E-01,9.740645E-01,6.336964E+03,1.028591E+04,2.133319E-01,8.981266E-01,9.615667E+03,9.803316E+03,3.236839E-01,8.559961E-01,6.287235E+03,1.098962E+04,2.116545E-01,9.595711E-01

Peak Vol Flow (m3/s),,,1.857594E-01,3.461751E+00,,,3.680526E-01,2.518217E+00,,,7.058376E-01,2.595906E+00,,,1.976695E-01,7.729892E-01,,,1.327544E-01,7.682239E-01,,,1.954848E-01,6.515185E-01,,,1.312778E-01,8.109152E-01,,,2.441978E-01,8.855370E-01,,,1.624116E-01,8.464675E-01,,,2.431433E-01,7.650728E-01,,,1.608220E-01,8.836227E-01,,,3.105625E-01,9.327156E-01,,,2.042760E-01,8.600013E-01,,,3.099436E-01,8.196592E-01,,,2.026698E-01,9.188374E-01
